"Med Name","Invoice No.","Batch","Pack(Price)","Pack(MRP)","Units(Per Pack)","Units(Price)","Units in Stock","Expiry","%(Discount)","%(GST)"
"A TO Z NS SYRUP","rz034679","24660129","142.37","210.00","1","210.00","5","Feb-2026","4.00","18.00"
"A TO Z NS TABLET","QR96771","24490937","118.64","175.00","15","11.67","215","Feb-2026","5.00","18.00"
"ACAMSTAIN","RE028652","MAIT-2501","85.71","112.50","10","11.25","200","Feb-2027","5.00","5.00"
"ACCOMPRIDE","RR74645","LC24C014B","120.80","147.32","10","14.73","165","Dec-2026","4.80","5.00"
"ACEBENFOL CD3","ARZR000303","VH-T12116","193.22","253.60","10","25.36","1490","Apr-2026","0.00","5.00"
"ACTORICH SYRUP","BS-GGH25-26/489","H25015","162.43","213.19","1","213.19","10","Jan-2027","0.00","5.00"
"ADROLE 0.5MG","RE011955","MT25-344","69.29","97.00","10","9.70","10","Apr-2027","5.00","12.00"
"ADROLE 1 MG","RE011955","TYOT-1213","109.29","153.00","10","15.30","5","Nov-2026","5.00","12.00"
"ADROLE 1 MG","RE026927","TZOT-0219","109.29","143.44","10","14.34","100","Apr-2027","5.00","5.00"
"ALCHLOR 10 MG","P-24-727","lt23295","60.00","84.00","10","8.40","10","Feb-2026","0.00","12.00"
"ALCHLOR 25MG","P-24-727","lt24168","73.57","103.00","10","10.30","10","Jul-2026","0.00","12.00"
"ALTIBRAIN","MH06685","ATN2502","1355.93","1780.00","1","1780.00","8","Mar-2027","0.00","5.00"
"AMANTAND ER 129","RE026206","ALI07ABA","178.57","234.38","10","23.44","90","Jun-2027","5.00","5.00"
"AMANTREL ER 193","RE006992","ASWBF02","217.86","305.00","10","30.50","25","Aug-2026","5.00","12.00"
"AMANTREL ER 193","RE030239","RSWBF02","217.86","285.94","10","28.59","100","Aug-2026","5.00","5.00"
"AMAZEO OD 400","25R024373","CF29M005","508.65","667.65","10","66.77","445","Sep-2027","4.00","5.00"
"AMIDE 100 MG","RE026927","MA1T2401","139.25","182.81","10","18.28","11","Feb-2027","5.00","5.00"
"AMIDE 200 MG","RE024033","MT25-107","232.14","304.69","10","30.47","4","Jan-2027","5.00","5.00"
"AMIDE 25MG","RR86662","MT25-687","53.57","70.30","10","7.03","185","Sep-2027","5.00","5.00"
"AMIDE 50MG","RE024547","MT25-354","85.71","112.50","10","11.25","45","Apr-2027","5.00","5.00"
"AMINEX PLUS","ALS1765","AX-013","162.00","225.00","10","22.50","10","Feb-2026","0.00","18.00"
"AMINTOZ 100MG","RR79850","D2508087LLB","34.56","43.20","10","4.32","225","Jul-2027","5.00","5.00"
"AMINTOZ 100MG INJECTION","RE028798","CAN01AAA","37.60","47.00","1","47.00","10","Feb-2027","5.00","5.00"
"AMISPILT ODT 50","SV05349","AMTF2404","27.50","109.00","10","10.90","5","Nov-2026","5.00","12.00"
"AMISPLIT ODT 100","CV05721","AMTH2401","118.40","165.77","10","16.58","15","Apr-2026","5.00","12.00"
"ANXOZAP 10MG","TG22432","SLF1412A","90.00","126.00","10","12.60","160","Feb-2026","0.00","12.00"
"ANXYFREE CAP","25R021083","ANO03BPA","67.81","89.00","10","8.90","9","Sep-2027","4.00","5.00"
"APLAZ 0.5MG","BS-CHY25-26/775","APZ25001","29.48","36.85","10","3.69","135","May-2027","0.00","5.00"
"APLAZ 1MG","BS-CHY25-26/775","CRLB40425","40.68","50.85","10","5.09","135","Mar-2028","0.00","5.00"
"APLAZ 2MG TABLET","BS-CHY25-26/775","CRLA70925","91.57","120.19","10","12.02","85","Aug-2028","0.00","5.00"
"APLAZ D 0.25MG","BS-GGH24-25/750","ADA24003","16.88","22.51","10","2.25","135","Sep-2027","0.00","12.00"
"APLAZ D 0.25MG","BS-CHY25-26/775","APL24001","16.88","21.10","10","2.11","37","Jul-2026","0.00","5.00"
"ARIDENT 15","RS000400","R23E160","92.91","130.00","10","13.00","65","Apr-2026","0.00","12.00"
"ARIP MT 10 MG","25R018051","2KN1L002","207.32","272.11","15","18.14","4","Jun-2026","4.00","5.00"
"ARIP MT 2","25R024090","2RG2M002","83.20","109.20","15","7.28","10","Jul-2027","4.00","5.00"
"ARIP MT 2","25R026984","2RG2M002","83.20","109.20","15","7.28","141","Jul-2027","5.00","5.00"
"ARKAMIN 100MCG","HI11244","8NY2M013","68.86","90.38","30","3.01","205","Mar-2027","6.00","5.00"
"ARMOD 150MG","25R027769","E16AM25005","452.27","593.60","15","39.57","103","Jan-2029","5.00","5.00"
"ARMOD 150MG","25R027769","E16AM25005","452.27","593.60","15","39.57","195","Jan-2029","5.00","5.00"
"ARMOD 50MG","25R021639","E16AN25004","241.22","316.59","15","21.11","61","Oct-2028","4.00","5.00"
"ARPIZEAL 10 MG","cv12037","LC24I096A","85.71","120.00","10","12.00","135","Aug-2026","5.00","12.00"
"ARPIZEAL 15 MG","cv12037","LC24D179A","125.00","175.00","10","17.50","130","Mar-2026","5.00","12.00"
"ARPIZEAL 20 MG","SV07228","BGT-022","153.57","201.56","10","20.16","200","Mar-2027","5.00","5.00"
"ARPIZEAL 5MG","cv12037","LC24k004a6","57.14","80.00","10","8.00","10","Oct-2026","5.00","12.00"
"ARPIZOL 10MG TABLET","TG22432","SIF1179A","120.71","169.00","10","16.90","10","Mar-2026","0.00","12.00"
"ARPIZOL 5MG TABLET","B035560","SIG1537A","79.28","104.06","10","10.41","38","Jun-2027","5.00","5.00"
"ARPIZOL 5MG TABLET","UE-25-11315","SIG2029A","79.28","104.06","10","10.41","100","Jun-2027","9.00","5.00"
"ARTHOPAN EC 250MG TABLET","BS-GGH25-26/475","QDT-250087","60.71","79.69","10","7.97","95","Dec-2026","0.00","5.00"
"ARTHOPAN EC 500MG TABLET","BS-GGH25-26/475","QDT-250919","85.71","112.50","10","11.25","130","Aug-2027","0.00","5.00"
"ATTENTROL 18MG CAPSULE","TG23622","GTF0297A","126.43","177.00","10","17.70","5","Jan-2027","0.00","12.00"
"AURACARE","A000083","NHT-9079","203.39","300.00","10","30.00","20","Jan-2026","0.00","18.00"
"AXEPTA 10","25R012361","K2501108","92.32","129.25","10","12.93","94","Apr-2028","4.00","12.00"
"AXEPTA 10","25R016136","K2501108","92.32","121.17","10","12.12","100","Apr-2028","4.00","5.00"
"AXEPTA 18MG","25R012361","K2500570","153.22","214.50","10","21.45","90","Feb-2028","4.00","12.00"
"AXEPTA 18MG","25R016136","K2500570","153.22","201.09","10","20.11","100","Feb-2028","4.00","5.00"
"B-LIV","SV04286","HBV145","178.57","250.00","10","25.00","40","Nov-2026","5.00","12.00"
"BACFEN 25MG","QR70541","MT24-345","228.57","300.00","10","30.00","60","Apr-2026","5.00","5.00"
"BACFEN XL 10 MG","RR90320","LBPA25009","160.00","210.00","10","21.00","300","Jul-2027","5.00","5.00"
"BACFEN XL 20 MG","RR90320","LBPC25008","255.24","335.00","10","33.50","300","Jun-2027","5.00","5.00"
"BACFEN XL 30MG","RE019487","LBPB25003","354.29","465.00","10","46.50","130","Feb-2027","5.00","5.00"
"BACLOF OD 30MG TABLET","qr71058","k2400606","348.19","457.00","10","45.70","100","Feb-2027","5.00","5.00"
"BCRAVE XL 20MG","SV03356","LC25D173E","132.19","173.50","10","17.35","30","Mar-2027","5.00","12.00"
"BCRAVE XL30MG","SV03356","LC25D174B","335.24","440.00","10","44.00","172","Mar-2027","5.00","12.00"
"BENFOLINE-OD","GLS118","BF-2501","169.20","235.00","10","23.50","10","Jun-2026","0.00","18.00"
"BENFOMET FORTE","UE-25-12107","GKG1868A","214.29","281.25","10","28.13","1000","Mar-2027","9.00","5.00"
"BENFOTABS","25R022054","EFH01AAA","270.78","355.40","10","35.54","3","Oct-2026","4.00","5.00"
"BENXL","CV05396","TLT-6795","164.29","230.00","10","23.00","24","Jan-2026","5.00","12.00"
"BENXL","sv07553","DEMT-24245","164.29","215.63","10","21.56","90","May-2026","10.00","5.00"
"BENXL CD3","sv07553","DEMT-251523","192.86","253.13","10","25.31","15","Jun-2027","10.00","5.00"
"BESAM-400","IGST 352","BES-T0001","585.00","740.63","10","74.06","505","Apr-2027","2.00","5.00"
"BEVOXA 50CR","IGST 352","T251743","118.30","149.00","10","14.90","865","Jul-2028","2.00","5.00"
"BEXOL DT 100","RR92040","V2500231","111.20","145.95","1","145.95","9","Aug-2027","5.00","5.00"
"BEXOL DT 50","RR92040","V2500001","55.60","72.98","1","72.98","9","Apr-2027","5.00","5.00"
"BILCOTIV","RE029295","ZBCT020925","231.14","341.00","10","34.10","206","Feb-2027","5.00","5.00"
"BIOHOMIN LS","RE024547","25S2GTB16","89.29","117.19","10","11.72","250","Apr-2027","5.00","5.00"
"BIXPRO","IGST 352","UL25E541","737.10","886.00","1","886.00","10","Apr-2027","2.00","5.00"
"BIZLO OD 20MG","HH11971","PXCAK50","130.23","170.93","10","17.09","30","Jul-2026","5.00","12.00"
"BIZLO OD 30 MG","HI11317","PXCA013","307.80","404.00","10","40.40","474","Aug-2026","5.00","5.00"
"BLONITAS 2MG TAB","25R020656","K2500657","55.71","73.13","10","7.31","80","Feb-2027","4.00","5.00"
"BLONITAS 8 TABLET","25R020656","K2501285","95.71","125.63","10","12.56","100","Apr-2027","4.00","5.00"
"BOLOFEN","BS-GGH24-25/674","BLB24001","91.22","121.63","10","12.16","485","Jan-2026","0.00","12.00"
"BRIVALINE 50 MG","CT00383","NBT25190","145.71","204.00","10","20.40","245","Mar-2027","0.00","12.00"
"BROPIDEX","RE026445","EMV242193","84.28","110.62","10","11.06","220","Sep-2026","5.00","5.00"
"BUPRON DX","UE-25-12107","AXB0139","85.71","112.50","10","11.25","1000","Apr-2027","9.00","5.00"
"BUSPIN 5MG","qr71058","v2400692","29.11","40.75","10","4.08","10","May-2027","5.00","12.00"
"CALCONSTA D3","RR85591","AGV01BEA","107.14","140.62","1","140.62","11","May-2027","5.00","5.00"
"CARGO M","CT00831","ZTF25141","186.44","244.70","10","24.47","143","Feb-2027","0.00","5.00"
"CARILIFT 1.5 MG","RE028349","25442463","80.69","105.90","10","10.59","11","Jun-2027","5.00","5.00"
"CARILIFT 3","RE028349","25442704","132.11","173.40","10","17.34","202","Jun-2027","5.00","5.00"
"CARILIFT 4.5 MG","RE018255","25440815","198.22","260.16","10","26.02","200","Feb-2027","5.00","5.00"
"CARILIFT 6","RE026435","25443413","255.70","335.60","10","33.56","66","Aug-2027","5.00","5.00"
"CARNIGLO M TABLET","RE026927","D2508049","257.60","338.10","15","22.54","27","Jan-2027","5.00","5.00"
"CARNIGLO M TABLET","RE030239","D2508030","257.60","338.10","15","22.54","280","Jan-2027","5.00","5.00"
"CARNOSET SYP","RE027176","TZFOL-011","772.88","1014.41","1","1014.41","4","Nov-2026","5.00","5.00"
"CARNOSET TABLET 10'S","RR21375","TYFOT-104","423.00","625.00","10","62.50","129","Aug-2026","0.00","18.00"
"CERENEMIC","RE011075","DN125005","125.42","185.00","10","18.50","190","Jun-2026","5.00","12.00"
"CEREPRIME -250 MG","RR89823","LT050A26","465.00","610.31","10","61.03","210","Dec-2027","5.00","5.00"
"CHEKBAK D3","25R018145","K2402752","180.00","236.25","10","23.63","24","Nov-2026","4.00","5.00"
"CHLORPROMAZINE 25 MG","RD03700","OM-9162","4.62","6.00","10","0.60","400","Jan-2026","5.00","12.00"
"CHYMORAL FORTE","qr85760","2ku6l041","340.00","476.00","20","23.80","165","Oct-2027","5.00","12.00"
"CILAPAM LS 15MG TAB","SMP4158","2457601","176.79","247.50","15","16.50","120","Sep-2026","0.00","12.00"
"CILAPAM PLUS 15MG/0.5","SMP4115","2457701","195.00","273.00","15","18.20","125","Sep-2026","0.00","12.00"
"CITA S 10MG","BS-GGH24-25/95","CRLB70124","72.75","96.99","10","9.70","260","Dec-2026","0.00","12.00"
"CITA S 20","BS-CHY24-25/430","CRLB40324","120.65","160.86","10","16.09","590","Aug-2026","0.00","12.00"
"CITA S 5","BS-GGH24-25/95","CRLB2123","41.08","54.77","10","5.48","140","Aug-2026","0.00","12.00"
"CITA S FORTE","BS-CHY24-25/1107","CRLA20924","114.89","160.85","10","16.09","300","Aug-2027","4.00","12.00"
"CITA S PLUS","BS-CHY24-25/430","CRLA81223","65.14","91.20","10","9.12","320","Aug-2026","0.00","12.00"
"CITIGAURD","CT00319","ZTF2508C","440.67","650.00","10","65.00","245","Aug-2026","0.00","18.00"
"CLOFRANIL 25 MG","UE-25-8666","GTG2188A","50.62","66.44","10","6.64","10","Sep-2029","9.00","5.00"
"CLOFRANIL 50MG","TG22432","GTF611A","131.43","184.00","10","18.40","96","Dec-2027","0.00","12.00"
"CLOFRANIL SR 75MG","B047717","GTG2931A","133.89","175.73","10","17.57","10","Aug-2027","5.00","5.00"
"CLONAMPEL 0.5MG","RE020103","MRT-517","28.88","36.09","10","3.61","105","Jul-2027","5.00","5.00"
"CLONIL 25MG","RR58133","N2501679","75.96","99.69","15","6.65","5","Apr-2028","0.00","5.00"
"CLONIL SR 75MG","RR53143","N2500580","201.00","263.81","15","17.59","50","Jan-2028","0.00","5.00"
"CLONOJOY BETA 10","SV10245","CJBT25002","42.14","55.31","10","5.53","110","Jul-2027","5.00","5.00"
"CLONOJOY BETA 10","SV11681","CJBT25002","44.95","59.00","10","5.90","900","Jul-2027","5.00","5.00"
"CLONOJOY BETA 20","SV11681","LC25H1001B","63.45","83.00","10","8.30","682","Jul-2027","5.00","5.00"
"CLONOJOY MD 0.25 TABLET","cv12037","LC24J1024C","16.07","22.50","10","2.25","70","Sep-2026","5.00","12.00"
"CLONOJOY MD 0.5 TABLET","cv12037","LC24J1022E","27.50","38.50","10","3.85","335","Sep-2026","5.00","12.00"
"CLONOTRIL 0.25MG","25R023599","2HW6M006","24.62","32.32","15","2.15","367","Mar-2028","4.00","5.00"
"CLONOTRIL 0.5MG","25R023599","2JC6M009","42.10","55.25","15","3.68","872","May-2028","4.00","5.00"
"CLONOTRIL 1MG TABLET","HI08219","2JH2M003","58.17","76.35","15","5.09","150","Mar-2028","3.00","5.00"
"CLONOTRIL P 12.5MG/0.5MG","25R019739","ACAF0001","192.19","252.25","15","16.82","796","Apr-2027","4.00","5.00"
"CLONOTRIL P 25MG/0.5MG","HI08871","ABZF0001","224.34","294.45","15","19.63","725","Apr-2027","3.00","5.00"
"CLONOTRIL PLUS TABLET","25R007846","2396M001","222.14","311.00","15","20.73","89","Jul-2027","4.00","12.00"
"CLORA 25MG","RE026992","LACP25002","50.57","66.30","10","6.63","150","May-2027","5.00","5.00"
"CLORA 50MG","RE026992","LAAQ25001","110.00","144.30","10","14.43","290","Feb-2027","5.00","5.00"
"CLORA SR 75 MG","RE031247","LACS25003","140.00","183.70","10","18.37","600","Aug-2027","5.00","5.00"
"COGNIWORTH SYP","SV11073","SBL-0542","671.19","880.93","1","880.93","1","Aug-2027","5.00","5.00"
"COGVIN TABLET","RR72093","CIT24002","264.41","347.00","10","34.70","119","May-2026","0.00","5.00"
"CONSTICALO 1MG TABLET","25R015921","2RS9M001","177.50","232.97","10","23.30","145","Feb-2027","4.00","5.00"
"CONSTICALO 2MG","25R025373","2RS8L003","284.99","374.05","10","37.41","55","Dec-2026","5.00","5.00"
"CPZ 25MG","RE030551","OM-11575","5.18","6.31","10","0.63","479","May-2028","5.00","5.00"
"CPZ 25MG","RE030551","OM-11575","5.18","6.31","10","0.63","500","May-2028","5.00","5.00"
"CPZ 50","RE026927","OM-11641","9.34","11.39","10","1.14","326","May-2028","5.00","5.00"
"CPZ 50","RE030551","OM-11641","9.34","11.39","10","1.14","500","May-2028","5.00","5.00"
"CPZ 50","RE030551","OM-11641","9.34","11.39","10","1.14","500","May-2028","5.00","5.00"
"D VENIZEP 100 MG","UE-25-11315","FHC0867","275.00","360.00","10","36.00","241","Aug-2027","9.00","5.00"
"D VENIZEP 50MG","TG22432","FHB0636","164.29","230.00","10","23.00","33","May-2026","0.00","12.00"
"D VENIZEP LS","UE-25-11315","FHC0810","116.42","152.81","10","15.28","365","Aug-2027","9.00","5.00"
"DAYVIGO 10MG","25R023404","DV2502","680.00","952.00","14","68.00","140","Jan-2030","4.00","5.00"
"DAYVIGO 5 MG","25R024387","DV2504","480.00","630.00","14","45.00","80","Jan-2030","4.00","5.00"
"DEANXIFY","RR80283","DEA25001PH","72.38","95.00","10","9.50","19","Sep-2027","0.00","5.00"
"DEOX CAPSULE","BS-CHY25-26/775","LLF015001","207.46","272.29","10","27.23","130","Sep-2026","0.00","5.00"
"DEPAXIL CR 12.5MG","RR85559","DEP25008MR","172.84","226.85","10","22.69","317","Jul-2027","5.00","5.00"
"DEPAXIL CR 25MG","RR67077","DEI25005MR","214.29","281.25","10","28.13","75","May-2027","0.00","5.00"
"DEPAXIL CR 25MG","RR87303","DEI25005MR","214.29","281.25","10","28.13","200","May-2027","5.00","5.00"
"DEPAXIL CR 37.5MG","HAK/25-26/1929","DEL24002MR","299.28","419.00","10","41.90","165","Aug-2026","0.00","12.00"
"DEPAXIL CR 37.5MG","HAK/25-26/3261","DEL24002MR","299.29","392.81","10","39.28","14","Aug-2026","0.00","5.00"
"DEPAXIL CR PLUS 12.5","RR88942","25442374","174.29","228.75","10","22.88","193","Jun-2027","5.00","5.00"
"DEPAXIL CR PLUS 25MG","HAK-25-26-4828","25442098","197.14","258.75","10","25.88","207","May-2027","0.00","5.00"
"DEPAXIL CR PLUS 25MG","RR92113","25442098","197.14","258.75","10","25.88","500","May-2027","5.00","5.00"
"DEPRAN FORTE","25r027856","K2502335","328.39","431.02","15","28.73","722","Jul-2027","5.00","5.00"
"DEPRAN H 10MG","25R023399","K2501069","185.00","242.81","15","16.19","63","Apr-2027","4.00","5.00"
"DEPRAN H 10MG","25R024266","K2502333","203.21","266.72","15","17.78","75","Aug-2027","3.00","5.00"
"DEPRAN L","25R026984","K2502268","139.82","183.52","15","12.23","142","Aug-2027","5.00","5.00"
"DEPRANEX 20MG","TG29308","N2401647","114.88","160.83","10","16.08","20","May-2026","0.00","12.00"
"DEPRID 25MG","RR01082","LADE24001","7.07","9.90","10","0.99","20","Feb-2027","5.00","12.00"
"DESDRIVE 50","SV04159","BGT-020","135.71","190.00","10","19.00","205","Mar-2027","5.00","12.00"
"DESDRIVE PLUS","SV04096","mft2506045","150.00","210.00","10","21.00","230","May-2027","5.00","12.00"
"DESFAX 50MG ER","RR21375","MQT-074","101.43","142.00","10","14.20","120","Jan-2026","0.00","12.00"
"DESFAX ER 100MG TABLET","RR21375","MQT-685","189.29","265.00","10","26.50","70","Aug-2026","0.00","12.00"
"DESFAX ER 25MG TAB","RR21375","MRT-111","80.36","112.50","10","11.25","130","Jan-2027","0.00","12.00"
"DESVEREN 100MG TABLET","RR28775","D223070","173.57","243.00","10","24.30","120","Jan-2026","3.00","12.00"
"DEXBUTRIN","25R025161","EMV241759","85.72","112.50","10","11.25","15","Jul-2026","5.00","5.00"
"DEXBUTRIN","25R026984","EMV24193B","85.71","112.50","10","11.25","300","Sep-2026","5.00","5.00"
"DEXET-CR 25MG","P-24-727","spt-01512","160.00","224.00","10","22.40","566","Feb-2026","0.00","12.00"
"DEXFIN 50MG TABLET","HEV25-000154","RT2411-54A","94.28","132.00","10","13.20","460","Oct-2026","0.00","12.00"
"DIACALM 5MG TABLET","TR2425/00838","T08706","12.89","18.05","10","1.81","307","Oct-2026","50.00","12.00"
"DIACALM 5MG TABLET","TR2425/00838","TO8706","12.89","12.89","10","1.29","500","Oct-2026","50.00","12.00"
"DICORATE ER 1000MG","ue-25-911","gkg0048a","195.00","274.00","10","27.40","48","Dec-2026","10.00","18.00"
"DICORATE ER 250MG","ue-25-911","gkg0113a","92.14","129.00","10","12.90","4","Dec-2026","10.00","12.00"
"DICORATE ER 500MG","ue-25-911","gkg0115a","156.43","219.00","10","21.90","10","Jun-2026","10.00","18.00"
"DICORATE ER 750MG","ue-25-911","GKG0047A","184.29","258.00","10","25.80","10","Dec-2026","10.00","18.00"
"DIPROWIZE OD 1000MG TABLET","RR21375","CMT241750","135.71","190.00","10","19.00","100","Aug-2026","0.00","12.00"
"DIPROWIZE OD 250MG TABLET","RE027176","CMT250553","63.57","83.44","10","8.34","115","Feb-2027","5.00","5.00"
"DISULFIRAM 250MG TABLET","RR20878","N2500513","29.64","41.50","10","4.15","175","Jan-2028","5.00","12.00"
"DIVAA OD 250","qr71058","N2402852","125.89","176.25","15","11.75","30","Sep-2026","5.00","12.00"
"DIVAGOLD ER 250MG","CT00306","zt24681","84.29","118.00","10","11.80","40","Aug-2026","0.00","12.00"
"DIVALEX 250 MG TABLET","BS-CHY25-26/1068","DXB25004","80.02","105.03","10","10.50","9","Sep-2027","0.00","5.00"
"DIVALEX OD 1000 MG TABLET","BS-CHY25-26/234","DXD24002","195.99","274.38","10","27.44","61","Nov-2026","0.00","12.00"
"DIVALEX OD 1000 MG TABLET","BS-CHY25-26/1068","DXD25001","195.98","257.23","10","25.72","200","May-2027","0.00","5.00"
"DIVALEX OD 500MG TABLET","BS-CHY25-26/1068","DXC25003","140.46","184.35","10","18.44","300","Apr-2027","0.00","5.00"
"DIVALEX OD 750 MG TABLET","BS-CHY25-26/1068","DXE25002","173.12","227.22","10","22.72","136","Jun-2027","0.00","5.00"
"DIVALGRESS ER 1000 MG TABLET","RE017650","PKNBW43","134.99","177.18","10","17.72","215","Oct-2026","5.00","5.00"
"DIVAPRIME OD 250 MG","sv05992","LC25A134B","73.57","103.00","10","10.30","10","Dec-2026","5.00","12.00"
"DIVAPRIME OD 750","CV11323","LC24G092A","128.57","180.00","10","18.00","10","Jun-2026","5.00","12.00"
"DOLO 650MG TABLET","25R010579","D0BS4044","24.48","34.27","15","2.28","115","Apr-2029","4.00","12.00"
"DOLONEX DT 20MG TABLET","EH37052","LR2494","186.19","260.67","15","17.38","210","Aug-2027","4.00","12.00"
"DON 1MG","25R000294","DNB24002","25.37","33.82","10","3.38","100","May-2027","4.00","12.00"
"DON 2","BS-GGH24-25/95","DNC23005","34.08","47.71","10","4.77","40","Nov-2026","0.00","12.00"
"DON 3","BS-GGH24-25/95","DND23002","47.24","66.14","10","6.61","100","Jul-2026","0.00","12.00"
"DON LS","BS-CHY24-25/1248","DLA24003","35.72","65.00","10","6.50","1","Jul-2027","0.00","12.00"
"DON PLUS","BS-CHY25-26/533","DPA25002","62.37","87.32","10","8.73","181","Feb-2028","0.00","12.00"
"DONAMIND M 5MG/10MG TABLET","RR21375","TYOT-1554","185.71","260.00","10","26.00","105","Feb-2027","0.00","12.00"
"DONAMIND M 5MG/5MG TABLET","RR21375","TYOT-1627","135.71","190.00","10","19.00","70","Feb-2027","0.00","12.00"
"DONEP 5MG","RE006275","25440570","145.21","203.29","15","13.55","285","Jul-2027","5.00","12.00"
"DONEP 60ML SYP","HAK/24-25/5047","24270002","205.00","287.00","1","287.00","3","Dec-2025","0.00","12.00"
"DONEP M FORTE","RE027138","25442909","326.78","428.90","15","28.59","90","Jun-2027","5.00","5.00"
"DONEP M FORTE","RE030223","25444274","326.78","428.90","15","28.59","600","Oct-2027","5.00","5.00"
"DONEP M PLUS","RE030223","DMP24001SS","152.88","200.65","10","20.07","300","Jun-2026","5.00","5.00"
"DONEP M TABLET 15'S","HAK/24-25/4459","24443205","239.29","335.00","15","22.33","49","Aug-2026","0.00","12.00"
"DONEP M TABLET 15'S","RE030223","25443606","263.18","345.45","15","23.03","600","Aug-2027","5.00","5.00"
"DULOREN 20MG","RR10795","D224197","72.14","101.00","10","10.10","70","Feb-2026","5.00","12.00"
"DULOREN 20MG","RE017650","D2250143","79.28","104.06","10","10.41","150","Jan-2027","5.00","5.00"
"DULOREN 30MG","RE017650","D2250400","114.28","149.99","10","15.00","105","Feb-2027","5.00","5.00"
"DUZELA M20","B045415","GKG1022A","124.29","163.13","10","16.31","5","Mar-2027","5.00","5.00"
"DUZELA M20","UE-25-12041","GKG2131A","124.29","163.13","10","16.31","470","Sep-2027","9.00","5.00"
"DUZELA M30","UE-25-12041","GKG1960A","160.72","210.94","10","21.09","451","Sep-2027","9.00","5.00"
"DYNAPAR SL SPARY","B049892","AT5002","58.93","77.34","1","77.34","30","Mar-2026","5.00","5.00"
"DYSKINIL 2 MG","BS-CHY25-26/775","DYA25003","11.63","14.53","10","1.45","160","Jun-2028","0.00","5.00"
"EFOXIREN 50MG","RE027558","ADQ01EHA","67.81","89.00","10","8.90","5","Oct-2027","5.00","5.00"
"ELCAFORT PLUS TABLET","HI11107","SLT25044","304.38","399.50","10","39.95","294","Nov-2026","6.00","5.00"
"ELICIA 4 MG","QR62843","BEA1106","83.74","117.24","10","11.72","14","Mar-2026","5.00","12.00"
"EMVASRIN 34MG","257018279","ADE01AEA","128.53","168.70","10","16.87","78","Mar-2027","4.00","5.00"
"ENCORATE CHRONO 200MG","TG24207","GTF1667A","28.63","40.09","10","4.01","40","May-2026","0.00","12.00"
"ENCORATE CHRONO 300 MG","B042959","GTG2074A","49.55","65.04","10","6.50","35","Aug-2027","5.00","5.00"
"ENCORATE CHRONO 300 MG","UE-25-12041","GTG3832A","49.55","65.04","10","6.50","1000","Nov-2027","9.00","5.00"
"ENCORATE CHRONO 500MG","UE-25-12041","GTH0081A","75.51","99.11","10","9.91","1000","Dec-2027","9.00","5.00"
"EPILEX CR 200","RZ006981","PCJ","110.36","154.08","15","10.27","60","Oct-2026","4.00","12.00"
"EPILEX CR 300","RZ006981","PCK0123","73.19","102.46","15","6.83","30","Feb-2027","4.00","12.00"
"EPILEX CR 500","RZ006981","PCJ1005","111.36","155.90","15","10.39","120","Nov-2026","4.00","12.00"
"ESCIGRESS CZ 0.25MG TABLET","RR28775","M240249","90.71","127.00","10","12.70","100","Feb-2026","3.00","12.00"
"ESCIGRESS CZ 0.5MG TABLET","RR28775","M250039","92.14","129.00","10","12.90","50","Dec-2026","3.00","12.00"
"ESIHANS 15MG","cv12037","LC24J134A","102.14","143.00","10","14.30","65","Aug-2026","5.00","12.00"
"ESIHANS 20MG","cv12037","LC241094A","114.29","160.00","10","16.00","70","Aug-2026","5.00","12.00"
"ESIHANS LITE","cv12037","LC24J1014J","85.71","120.00","10","12.00","315","Sep-2026","5.00","12.00"
"ESIHANS PLUS","cv12037","LC24J10319H","65.00","91.00","10","9.10","90","Sep-2026","5.00","12.00"
"ESLIZEN 400 MG TABLET","RR85883","K2502247","217.14","285.00","10","28.50","135","Jul-2028","5.00","5.00"
"ESLIZEN 400 MG TABLET","SV10455","K2502247","217.14","285.00","10","28.50","100","Jul-2028","5.00","5.00"
"ESLIZEN 600 MG TABLET","25R025059","K2502559","278.93","366.09","10","36.61","10","Sep-2028","5.00","5.00"
"ESLIZEN 600 MG TABLET","SV10455","K2502038","278.93","366.09","10","36.61","120","Jul-2028","5.00","5.00"
"ESOKEM 40 TABLET 15'S","RPS4900","PCl0572","126.45","165.96","15","11.06","130","Jan-2027","0.00","5.00"
"ESOKEM D CAPSULE 10'S","RPS4900","PCLO430","152.68","200.39","15","13.36","90","Jun-2027","0.00","5.00"
"ESPERAL 250MG","HH03998","GE234006","34.30","47.90","10","4.79","5","Mar-2027","3.90","12.00"
"ETIBLISS 0.5MG","RE017650","PKNBZ47","47.14","61.87","10","6.19","62","Nov-2026","5.00","5.00"
"ETIBLISS 0.5MG","RE017650","ADQ01CHA","47.14","61.87","10","6.19","300","Jan-2027","5.00","5.00"
"ETILOF CR 1.5","BS-CHY25-26/1033","ETC25002","133.63","175.39","10","17.54","50","May-2027","0.00","5.00"
"ETIREST 0.5MG TABLET","TG23622","GTF0623A","50.00","70.00","10","7.00","445","Feb-2026","0.00","12.00"
"EVIZ","RM000535","BSF241105","115.60","169.90","10","16.99","5","Oct-2026","0.00","18.00"
"EXERLINE 100MG","CT00590","ZT2507E","122.86","184.69","10","18.47","476","Apr-2027","0.00","5.00"
"EXERLINE 25MG","CT00522","ZT2506E","54.29","71.26","10","7.13","213","Apr-2027","0.00","5.00"
"EXERLINE 50MG","CT00600","ZT2534B","97.14","127.50","10","12.75","155","Jan-2027","0.00","5.00"
"FELIZ S 20MG","HI07510","2282M001","114.88","150.78","10","15.08","15","Feb-2028","3.00","5.00"
"FELIZ S LITE TABLET","HI11107","GTEC-2508","127.85","167.80","10","16.78","300","Jan-2028","6.00","5.00"
"FELIZ S PLUS 20MG TABLET","25R018081","TB-102409","157.36","206.53","10","20.65","121","Sep-2026","4.00","5.00"
"FELIZ-S 15MG TABLET","25R010258","TB-102410","104.00","145.60","10","14.56","380","Sep-2026","4.00","12.00"
"FLOATIN 10 MG","RE017565","MT25-414","23.63","29.53","10","2.95","100","May-2027","5.00","5.00"
"FLOATIN 40MG","RE017565","MT25-251","52.50","65.63","10","6.56","100","Mar-2028","5.00","5.00"
"FLUCENT P TABLET","BS-GGH25-26/411","CRLA20425","133.63","175.39","10","17.54","145","Mar-2027","0.00","5.00"
"FLUNIL 10MG","SA37051","N2303476","26.55","37.17","10","3.72","30","Nov-2026","0.00","12.00"
"FLUNIL 10MG","25R019665","N2501889","27.01","35.46","10","3.55","100","May-2028","4.00","5.00"
"FLUNIL 20MG","25R026420","N2503667","32.48","42.63","10","4.26","24","Sep-2028","5.00","5.00"
"FLUNIL 20MG","25R026690","N2503667","32.48","42.63","10","4.26","200","Sep-2028","5.00","5.00"
"FLUNIL 40MG","25R025059","N2503444","52.80","69.30","10","6.93","65","Aug-2028","5.00","5.00"
"FLUNIL 60MG","25R023691","N2502410","90.32","118.55","10","11.86","75","Dec-2027","4.00","5.00"
"FLUNIL 60MG","25R026690","N2503445","90.32","118.55","10","11.86","200","Sep-2028","5.00","5.00"
"FLUNIL SYRUP 60ML","25R025481","L15252616","93.93","123.28","1","123.28","1","Oct-2027","5.00","5.00"
"FLUNIL SYRUP 60ML","25R026984","L15252616","93.93","123.28","1","123.28","10","Oct-2027","5.00","5.00"
"FLUTOP LA 90MG","BS-CHY25-26/697","CRLA50225","203.25","266.77","10","26.68","148","Jan-2027","0.00","5.00"
"FLUVARIS 100 MG","BS-CHY25-26/854","CRLB61025","297.97","391.09","10","39.11","87","Sep-2027","0.00","5.00"
"FLUVARIS 50MG","BS-CHY25-26/1068","CRLB71025","173.23","227.37","10","22.74","178","Sep-2027","0.00","5.00"
"FLUVARIS CR150MG","BS-CHY25-26/746","FVA25001","257.14","337.50","10","33.75","3","Jan-2027","0.00","5.00"
"FLUVARIS CR150MG","BS-CHY25-26/1040","FVA25001","257.14","337.50","10","33.75","79","Jan-2027","0.00","5.00"
"FLUVATOR 100MG TAB","25R025968","JX73M003","334.40","438.90","10","43.89","185","Feb-2027","5.00","5.00"
"FLUVATOR 50MG TABLET","25R025968","JX74L002","197.03","258.60","10","25.86","336","Feb-2027","5.00","5.00"
"FREXT 100MG","RR77353","K2501172","271.07","355.78","10","35.58","66","May-2028","0.00","5.00"
"FREXT 50 MG","RR77353","K2501491","157.86","207.19","10","20.72","28","May-2028","0.00","5.00"
"FREZE SEMI TABLET","BS-GGH25-26/475","CRLB30325","64.79","85.03","10","8.50","130","Feb-2027","0.00","5.00"
"GABANTIN GRS 300MG","B041590","GKG1281A","206.43","270.94","10","27.09","5","Dec-2028","0.00","5.00"
"GABANTIN GRS 300MG","B048394","GKG1385A","206.43","270.00","10","27.00","275","Jan-2027","5.00","5.00"
"GABANTIN GRS 300MG","UE-25-12041","GKG2158A","187.86","246.56","10","24.66","50","Jul-2027","9.00","5.00"
"GABANTIN GRS 300MG","UE-25-12041","GKG02268","206.43","270.94","10","27.09","450","May-2027","9.00","5.00"
"GABATOR NT 300","HI07510","PXCBP07","228.57","300.00","15","20.00","90","Nov-2026","3.00","5.00"
"GABAWIN 50MG TABLET","RE013899","MT25-082","88.57","124.00","10","12.40","15","Jan-2028","5.00","12.00"
"GABAWIN NT 75MG TABLET 10'S","RE014143","25S2GTA87","163.58","229.00","10","22.90","25","Mar-2027","5.00","12.00"
"GABAWIN NT 75MG TABLET 10'S","RE016536","25S2GTA87","163.58","229.00","10","22.90","100","Mar-2027","5.00","12.00"
"GCOLATE 1MG","RE006634","IGET2501","69.29","97.00","10","9.70","80","Mar-2027","5.00","12.00"
"GCOLATE 2MG","QR90437","IGLT2404","119.25","167.00","10","16.70","1","Sep-2026","5.00","12.00"
"GINKOREN D TABLET","HEV25-000296","BFT-25060013","406.80","533.88","1","533.88","24","Nov-2026","0.00","5.00"
"GLA 120MG CAPSULE","25R009043","SDG1624","469.82","657.75","30","21.93","60","Aug-2026","4.00","12.00"
"GLYCOLATE 2MG","25R002307","K2500101","166.43","233.00","10","23.30","5","Dec-2026","4.00","12.00"
"GRESSAMI 100 MG TABLET","RE017650","DC25024","97.14","127.49","10","12.75","465","Jan-2028","5.00","5.00"
"GRESSAMI 50MG TABLET","RE017650","D2250354","63.57","83.43","10","8.34","10","Feb-2028","5.00","5.00"
"GUTBRAX","P-25-577","SPC-00924","185.00","242.81","10","24.28","65","May-2027","0.00","5.00"
"GUTBRAX","p-25-690","SPC-00924","185.00","242.81","10","24.28","600","May-2027","0.00","5.00"
"HALOBID 5MG","BS-CHY25-26/775","CRLB50425","30.43","38.03","10","3.80","100","Mar-2028","0.00","5.00"
"HALOBID-0.25","BS-CHY25-26/775","CRLA20424","13.16","17.27","10","1.73","130","Mar-2027","0.00","5.00"
"HALOBID1.5MG","BS-CHY25-26/775","CRLA90525","13.51","16.88","10","1.69","130","Apr-2028","0.00","5.00"
"HALODEC INJECTION","SC01628","ALV030","177.86","233.44","1","233.44","2","May-2027","0.00","5.00"
"HAVTOP 25`","HEV25-000296","PT5AK02","77.43","100.31","10","10.03","43","Oct-2026","0.00","5.00"
"HAVTOP 50MG","HEV25-000296","BCT24-1162","132.15","173.44","10","17.34","28","Oct-2026","0.00","5.00"
"HIFENAC P TABLET","25R010579","K2500998","81.43","114.00","15","7.60","174","Mar-2027","4.00","12.00"
"HOMIN PFS AMP","RR90320","MCN603625","114.29","150.00","1","150.00","92","Jul-2027","5.00","5.00"
"HOMIN PFS AMP","RE030640","MCN603625","114.29","150.00","1","150.00","100","Jul-2027","5.00","5.00"
"HOPENTA SYRUP","MH07342","HCH2501","813.71","1068.00","1","1068.00","6","Jun-2027","0.00","5.00"
"IDEBEST 45MG","RE026801","R2531102I","174.51","229.05","10","22.91","363","Feb-2027","30.00","5.00"
"IMICALM 5MG/25MG TABLET","TR2425/00838","T09861","18.01","25.30","10","2.53","910","Mar-2026","50.00","12.00"
"IMPOFYTE KIT","P-25-577","ZTF2541H","440.00","577.50","20","28.88","120","Jan-2027","0.00","5.00"
"IMPOFYTE KIT","p-25-690","ZTF2541H","440.00","577.50","20","28.88","800","Jan-2027","0.00","5.00"
"INSPIRAL 10MG SR","IR05974","DER0325005","147.18","193.17","10","19.32","210","Jul-2028","5.00","5.00"
"INSPIRAL 5MG","IR03076","DEQ0325002","125.32","175.45","10","17.55","258","Jan-2028","5.00","12.00"
"KEMDIN 2.5","SC01787","KEA 2539","44.79","58.78","10","5.88","683","Aug-2028","0.00","5.00"
"KIRIVIT","RR27109","LC25C019A","171.30","234.00","10","23.40","175","Feb-2027","5.00","12.00"
"L FONUE TABLET","RE006475","VHT12860","170.85","252.00","10","25.20","155","Jun-2026","5.00","18.00"
"LACTIHEP PLUS","B055764","SXH0016A","222.86","292.50","1","292.50","4","Dec-2027","5.00","5.00"
"LAMITOR DT 50","QR94932","2KA1L015","206.43","289.00","15","19.27","50","Sep-2027","0.00","12.00"
"LAMITOR OD 100MG TABLET","HI10898","2BR4M001","206.55","325.31","10","32.53","1","Sep-2027","6.00","5.00"
"LAMITOR OD 100MG TABLET","HI10898","2BR4M008","224.98","354.35","10","35.44","10","Mar-2028","6.00","5.00"
"LAMITOR OD 100MG TABLET","HI10898","2BR4M008","269.98","354.35","10","35.44","50","Sep-2027","6.00","5.00"
"LAMITOR OD 50MG","RZ033771","2KA1M001","206.43","289.00","10","28.90","60","Dec-2027","4.00","12.00"
"LAMOSYN 25MG TABLET","TG23622","JMF0444A","70.00","98.00","10","9.80","450","Mar-2026","0.00","12.00"
"LAMOSYN 50 MG TABLET","TG23622","GKF0117A","118.57","166.00","10","16.60","270","Jan-2026","0.00","12.00"
"LAPEZIL 5MG TAB","RE003726","D224245","94.29","132.00","10","13.20","340","Feb-2026","5.00","12.00"
"LARENTINE D 5MG/10MG","RR10795","D224784","104.29","146.00","10","14.60","240","Jul-2027","5.00","12.00"
"LARENTINE D 5MG/10MG TABLET","RE003726","D224051","160.71","225.00","10","22.50","240","Dec-2026","5.00","12.00"
"LIBOTRYP","RZ029495","D2400370","112.68","157.75","30","5.26","600","Aug-2027","4.00","12.00"
"LIBOTRYP XL 25","25R021057","M251006","95.18","124.92","10","12.49","86","Jun-2027","4.00","5.00"
"LIBRIUM 10MG","A000884","LBA25006","122.69","161.03","15","10.74","76","May-2028","0.00","5.00"
"LIBRIUM 10MG","A001619","LBA25010","122.69","161.03","15","10.74","525","May-2028","0.00","5.00"
"LIBRIUM 25MG","A001438","LBB25007","186.81","245.19","15","16.35","89","Aug-2028","0.00","5.00"
"LIBRIUM 25MG","A001619","LBB25007","186.81","245.19","15","16.35","450","Aug-2028","0.00","5.00"
"LIBRIUM 5 MG","A001499","LBZ25001","106.07","148.00","15","9.87","411","Nov-2026","0.00","5.00"
"LICAB 300MG","25R013088","2I12M003","19.50","27.30","10","2.73","354","Jan-2028","4.00","12.00"
"LICAB XL 400MG","25R027297","OF67M001","60.43","79.31","10","7.93","296","Sep-2028","5.00","5.00"
"LIMBITROL H 12.5 MG/5 MG","BS-CHY25-26/775","QDT-250819","37.72","49.51","10","4.95","260","Jul-2027","0.00","5.00"
"LIMBITROL TABLET","BS-CHY25-26/775","QDT-250818","61.44","80.64","10","8.06","260","Jul-2027","0.00","5.00"
"LIPOSERIN SOFTGEL","RE030445","EZFO45002","556.92","731.10","10","73.11","441","Apr-2027","5.00","5.00"
"LIQUI D3 CAPSULE","25R008659","1EJ25004","196.86","275.60","8","34.45","233","Jan-2027","4.00","12.00"
"LITHOCENT CR","BS-CHY25-26/975","LCA25003","51.84","68.03","10","6.80","137","May-2028","0.00","5.00"
"LONAZEP 1MG TABLET","UE-25-12041","SIF2678A","38.08","49.98","10","5.00","1000","Nov-2026","9.00","5.00"
"LONAZEP 2MG","b044499","SIg1386a","107.14","140.63","10","14.06","5","May-2028","0.00","5.00"
"LONAZEP 2MG","B050288","SIg1386a","107.14","140.63","10","14.06","200","May-2028","5.00","5.00"
"LONAZEP MD 0.25MG","UE-25-12041","SIG2173B","16.36","36.85","10","3.69","1000","Oct-2027","9.00","5.00"
"LONAZEP MD 0.5MG","TG24207","SIF169a","27.61","38.64","10","3.86","88","Jun-2026","0.00","12.00"
"LONAZEP MD 0.5MG","UE-25-12041","SIG2172B","28.08","36.85","10","3.69","1000","Oct-2027","9.00","5.00"
"LOPEZ INJECTION 2ML","B023803","KLL05015","13.17","18.44","1","18.44","6","Apr-2027","5.00","12.00"
"LOPEZ MD 1","25R023714","N2502962","28.20","37.01","15","2.47","57","Jul-2027","4.00","5.00"
"LOPEZ MD 2MG","25R025481","N2503139","34.32","45.05","15","3.00","1102","Aug-2027","5.00","5.00"
"LORICON 2MG","RE023697","TT2508384","23.39","29.25","10","2.93","40","Jul-2027","5.00","5.00"
"LOXAPAX 50","RD24533","OM-10537","170.75","239.06","10","23.91","595","Jun-2027","5.00","12.00"
"LURAMAX 40MG TABLET","TG23625","GTF1779A","107.14","150.00","10","15.00","915","May-2026","0.00","12.00"
"M-COBAREN CD3","HEV25-000267","BCT25-0042","214.30","281.25","10","28.13","500","Sep-2026","0.00","5.00"
"M-COBAREN FORTE","HEV25-000296","BHC-25060125","200.01","262.50","10","26.25","6864","May-2027","0.00","5.00"
"MACORATE CR 200","BR18565","GKF0328A","52.14","73.00","10","7.30","60","Feb-2026","4.00","12.00"
"MAGDEP CM","CCM2516539","2I25044","175.16","229.90","10","22.99","100","Feb-2027","0.00","5.00"
"MAGLADENSE","VV00443","MDS2505","169.14","222.00","10","22.20","120","Jul-2027","0.00","5.00"
"MAGLADENSE SYP","MH07905","MGL2510","339.05","445.00","1","445.00","9","May-2027","0.00","5.00"
"MELORA","HI11107","MEL5T02A","169.49","222.46","10","22.25","105","Jan-2027","6.00","5.00"
"MELORA","25R026984","MEL5T02A","169.49","222.45","10","22.25","300","Jan-2027","5.00","5.00"
"MELTOLAN 10MG TABLET","RE025542","25442078","89.98","118.10","10","11.81","320","May-2027","5.00","5.00"
"MELTOLAN 15MG TABLET","RE029153","25442080","182.14","239.06","10","23.91","35","May-2027","5.00","5.00"
"MELTOLAN 20MG TABLET","RE009158","24491062","207.14","290.00","10","29.00","99","Oct-2026","5.00","12.00"
"MELTOLAN 5MG TABLET","RE027976","25490515","48.91","64.20","10","6.42","379","Apr-2027","5.00","5.00"
"MELTOLAN 7.5MG TABLET","RE027369","25490772","89.26","117.15","10","11.72","4","Jun-2027","5.00","5.00"
"MELTOLAN 7.5MG TABLET","RE030223","25490772","89.26","117.15","10","11.72","500","Jun-2027","5.00","5.00"
"MELZAP FILM 0.5 MG","RE029558","FCQ2F501","56.43","74.06","10","7.41","171","May-2027","5.00","5.00"
"MELZAP FILM 0.5 MG","RE029558","FCQ2F401","51.43","67.50","10","6.75","310","May-2027","5.00","5.00"
"MELZAP FILM 0.5 MG","RE029558","FCQ2F501","51.43","67.50","10","6.75","90","May-2027","5.00","5.00"
"MENOEASE CAPSULE","RR17981","MECS25002","253.57","355.00","10","35.50","40","Jan-2027","5.00","12.00"
"METHONAC","RE029164","D2507034","154.74","203.10","10","20.31","220","Apr-2027","5.00","5.00"
"MIGOKEN","RE029433","NLT1493","243.81","320.00","10","32.00","150","Aug-2027","5.00","5.00"
"MIGRABETA 40MG CAPSULE","RE025542","MET25014MR","39.31","51.59","15","3.44","75","Jul-2027","5.00","5.00"
"MIGRABETA TR 20MG TABLET","RR89090","MBT25012MR","39.12","51.35","15","3.42","422","Sep-2027","5.00","5.00"
"MIGRAQUICK PRO 20MG","RR58712","25HTV172","61.43","80.63","10","8.06","100","Jul-2027","0.00","5.00"
"MIRNITE MELTAB 7.5MG","25R011349","K2400653","65.71","92.00","10","9.20","34","Mar-2027","4.00","12.00"
"MIRSOL 15MG TABLET","RE026368","MRT-738","111.43","146.25","10","14.63","280","Oct-2027","5.00","5.00"
"MIRSOL 15MG TABLET","RE026368","TZOT-0497","111.43","146.25","10","14.63","65","Jun-2027","5.00","5.00"
"MIRSOL 15MG TABLET","RE030640","MRT-738","111.39","146.20","10","14.62","640","Oct-2027","5.00","5.00"
"MIRSOL 30MG TAB","RD28224","TYOT-0123","170.71","239.00","10","23.90","160","Mar-2026","5.00","12.00"
"MIRSOL 7.5MG","RE026204","MRT-693","72.84","95.60","10","9.56","281","Oct-2027","5.00","5.00"
"MIRSOL 7.5MG","RE030640","MRT-693","72.84","95.60","10","9.56","200","Oct-2027","5.00","5.00"
"MIRTAZ 15MG","UE-25-12107","SIG2107A","104.64","137.34","10","13.73","500","Sep-2028","9.00","5.00"
"MIRTAZ 7.5MG","UE-25-12107","SIG2290A","75.72","99.38","10","9.94","1000","Oct-2027","9.00","5.00"
"MITOCENT 15 MG","BS-CHY25-26/1068","CRLA51025","112.81","148.07","10","14.81","130","Sep-2028","0.00","5.00"
"MITOCENT 7.5 MG TABLET","BS-CHY25-26/1068","MEA25001","70.13","92.04","10","9.20","80","Jul-2028","0.00","5.00"
"MOBINEX TABLET","BS-GGH25-26/475","CRLB71224","227.01","297.96","10","29.80","130","Nov-2026","0.00","5.00"
"MYOCENT","BS-CHY25-26/783","MEA25001","70.13","92.04","10","9.20","2","Jul-2028","0.00","5.00"
"MYOGLAD TABLET","RR91892","CGM-25030","183.05","240.25","10","24.03","1890","May-2027","5.00","5.00"
"MYOMOVE TABLET","BS-GGH25-26/673","RM282501H","180.16","236.46","10","23.65","5","Jan-2027","0.00","5.00"
"MYOTOP 150MG TABLET","B013119","Z05BJ25002","135.10","189.15","10","18.92","2","Jun-2027","5.00","12.00"
"MYOTOP-P TABLET","QR95685","Z05DC24057","140.78","197.10","10","19.71","20","Nov-2026","5.00","12.00"
"NALCRES MD 50 MG","Bs-chy25-26/395","CRLb80125","721.69","1010.36","10","101.04","17","Nov-2027","0.00","12.00"
"NALRECUS 50MG","RE029718","250405A","687.32","902.11","10","90.21","605","Jun-2027","5.00","5.00"
"NASOCOBAL 250MCG SPRAY","25R008659","1X24020","278.57","390.00","1","390.00","11","Mar-2026","4.00","12.00"
"NAXDOM 250MG","TG22432","FHB0537","89.29","125.00","10","12.50","10","Apr-2027","0.00","12.00"
"NAXDOM 500MG","TG18983","FHB0486","122.14","171.00","15","11.40","20","Apr-2027","0.00","12.00"
"NAZE MD 0.25MG TAB","RPS1373","SPM91024","16.12","22.50","10","2.25","300","Sep-2027","0.00","12.00"
"NAZE MD 0.5 MG TABLET","RPS1373","SPU40824","40.08","56.05","15","3.74","110","Jul-2027","0.00","12.00"
"NEUBEN FORTE","RE003823","NBT2501","242.80","340.00","10","34.00","55","Jan-2027","5.00","12.00"
"NEUBEN PLUS","RE014630","TCT2504160","171.43","240.00","10","24.00","100","Sep-2026","5.00","5.00"
"NEUBEN PLUS","RE027176","TT2507330","185.71","243.75","10","24.38","700","Dec-2026","5.00","5.00"
"NEUCITI PLUS SYRUP","RR56802","TZOL-033","664.29","871.87","1","871.87","6","May-2027","0.00","5.00"
"NEUPANEL CAPSULE","RR25126","GNP-25004","338.31","499.00","10","49.90","150","Apr-2027","5.00","18.00"
"NEUPANEL CAPSULE","RR91892","GNP-25013","338.31","444.03","10","44.40","1050","Nov-2027","5.00","5.00"
"NEUROBION FORTE TABLET","B029299","5188C83905","34.57","46.10","30","1.54","130","Dec-2026","5.00","12.00"
"NEURONAMIC PLUS","RE022124","DN125141","610.17","801.00","15","53.40","183","Aug-2026","5.00","5.00"
"NEURONOMIC","RE011534","DN124397","578.64","853.50","10","85.35","150","Mar-2027","5.00","18.00"
"NEWCITA 15MG TABLET","RE026435","NWT24001MR","99.12","130.10","10","13.01","515","Apr-2027","5.00","5.00"
"NEWCITA 20MG TABLET","RE023697","25443079","175.32","230.11","15","15.34","120","Jul-2027","5.00","5.00"
"NEWCITA LITE","RR65092","NEW250015SS","107.85","141.55","10","14.16","350","Jun-2027","0.00","5.00"
"NEWCITA PLUS","HAK/24-25/5760","24443599","138.57","194.00","10","19.40","320","Sep-2026","0.00","12.00"
"NEXITO 15MG","B048394","SIG1945A","114.29","150.00","10","15.00","56","Aug-2027","5.00","5.00"
"NEXITO 15MG","B049508","SIG1945A","114.29","150.00","10","15.00","500","Aug-2027","5.00","5.00"
"NEXITO FORTE","UE-25-12041","GTG3249B","142.14","186.56","10","18.66","500","Oct-2027","9.00","5.00"
"NEXITO FORTE 20","B023918","GTG0774A","192.14","269.00","10","26.90","10","Feb-2027","5.00","12.00"
"NEXITO FORTE 20","B043860","GTG0774A","192.14","252.19","10","25.22","195","Feb-2027","5.00","5.00"
"NEXITO FORTE 20","UE-25-12041","GTG3925A","192.14","252.19","10","25.22","1000","Nov-2027","9.00","5.00"
"NEXLUMA 42MG CAPSULES","B033158","GTG1861A","250.00","328.13","10","32.81","91","May-2027","5.00","5.00"
"NEXLUMA 42MG CAPSULES","B056328","GTG1861A","250.00","328.13","10","32.81","261","May-2027","5.00","5.00"
"NEXLUMA 42MG CAPSULES","RR90121","GTG1861A","250.00","328.13","10","32.81","650","May-2027","5.00","5.00"
"NEXTRIL 50MG","HI11107","G25NXA001","147.86","194.05","10","19.41","250","Apr-2027","6.00","5.00"
"NEXVENLA OD 100MG","RR85559","25443570","279.28","366.55","10","36.66","118","Aug-2027","5.00","5.00"
"NEXVENLA OD 50MG","RR85559","25443921","162.14","212.80","10","21.28","79","Jun-2027","5.00","5.00"
"NEXVENLA OD PLUS 50MG","RR89090","NOP250006SS","181.41","238.10","10","23.81","320","Sep-2027","5.00","5.00"
"NISE TABLET","HO61789","E2402425","93.22","130.50","15","8.70","150","Aug-2027","5.00","12.00"
"NITPRO 10MG TABLET","RE028036","LANT25001","36.50","47.90","10","4.79","35","Feb-2028","5.00","5.00"
"NITPRO 10MG TABLET","RE030724","LANT25002","36.50","47.90","10","4.79","250","Jul-2028","5.00","5.00"
"NITPRO 5","RE028036","LAN124001","26.57","34.80","10","3.48","95","Jan-2028","5.00","5.00"
"NORMABRAIN 400MG CAPSULE","aa08412","clz6k002","85.00","119.00","10","11.90","10","Mar-2026","0.00","12.00"
"NORMABRAIN 800MG CAPSULE","HI10910","2ly4M002","203.14","266.63","10","26.66","137","Jun-2028","6.00","5.00"
"NORTIMER 25MG","25R021905","INRC25008","47.86","62.81","10","6.28","91","Jun-2028","4.00","5.00"
"NORTIMER 25MG","25R024266","INRC25011","47.86","62.81","10","6.28","500","Aug-2028","3.00","5.00"
"NORTIMER 50MG","25R021682","2516202IS","79.29","104.06","10","10.41","35","Feb-2027","4.00","5.00"
"NORTIMER 50MG","25R026420","2516203IS","79.29","104.06","10","10.41","90","Jun-2027","5.00","5.00"
"NORTIMER 75","25R019665","2516301IS","100.89","132.42","10","13.24","35","Apr-2027","4.00","5.00"
"NORTIMER 75","25R023399","2516301IS","100.89","132.49","10","13.25","500","Apr-2027","4.00","5.00"
"NOTENCE 0.25","25R008002","CRLB10125","14.27","19.98","10","2.00","46","Dec-2026","4.00","12.00"
"NUHENZ D TAB","RD24566","PKNEL92","153.57","215.00","10","21.50","100","Apr-2026","5.00","12.00"
"NUHENZ FORTE TABLET","RR28775","PKNGF36","234.29","328.00","10","32.80","120","Feb-2026","3.00","12.00"
"NUHENZ TABLET","RR28775","D224490","287.86","403.00","15","26.87","180","May-2026","3.00","12.00"
"NULET 1.25MG TABLET","CCM2516539","AR240835","61.19","80.31","15","5.35","150","Feb-2027","0.00","5.00"
"NURODAY 1500 INJECTION","25R025685","MCN605725","129.63","170.14","1","170.14","53","Sep-2027","35.00","5.00"
"NUTREPA 30S CAPSULE","RE013775","APW25AA01","141.01","208.00","10","20.80","157","Feb-2027","5.00","18.00"
"NUTREPA 30S CAPSULE","RE030640","APW25AA01","141.01","185.12","10","18.51","100","Feb-2027","5.00","5.00"
"NUTREPA 30S CAPSULE","RE030640","APW25AA02","152.54","200.25","10","20.03","300","Feb-2027","5.00","5.00"
"OD3 60K CAP","SV04210","524L058","79.50","144.00","4","36.00","56","Nov-2026","5.00","12.00"
"ODENT","RE003855","224","62.64","92.40","10","9.24","45","Mar-2026","5.00","18.00"
"ODENT","RE014061","224","62.64","92.40","10","9.24","200","Mar-2026","5.00","18.00"
"ODEP 10MG","BS-CHY25-26/775","30049082","20.35","25.43","10","2.54","260","May-2028","0.00","5.00"
"ODEP 25MG","BS-CHY25-26/775","ODB25002","21.20","26.50","10","2.65","260","Apr-2028","0.00","5.00"
"OLAGRESS MD 10MG TABLET","RR32572","D224849","61.43","86.00","10","8.60","50","Aug-2026","3.00","12.00"
"OLAGRESS MD 2.5MG TABLET","RR32572","D224846","26.43","37.00","10","3.70","100","Aug-2026","3.00","12.00"
"OLAGRESS MD 5MG TABLET","RR32572","D224848","32.14","45.00","10","4.50","100","Aug-2026","3.00","12.00"
"OLANEX F","25R009589","E16GJ24005","102.07","142.90","10","14.29","55","Oct-2027","4.00","12.00"
"OLAPIN 10","BS-CHY24-25/1107","CRLA20624","79.28","110.99","10","11.10","135","May-2027","4.00","12.00"
"OLAPIN 20","BS-CHY24-25/1248","CRLA60724","120.25","218.86","10","21.89","12","Jun-2027","0.00","12.00"
"OLAPIN PLUS","BS-CHY25-26/975","OFA25001","92.23","121.05","10","12.11","860","Aug-2028","0.00","5.00"
"OLARIDGE 10 MG","SV05219","LC25A123G","79.29","111.00","10","11.10","85","Dec-2026","5.00","12.00"
"OLARIDGE 15 MG","SV05078","LC24D019C","105.00","147.00","10","14.70","49","Mar-2026","5.00","12.00"
"OLARIDGE 2.5 MG","SV07564","LC25D165C","30.00","39.38","10","3.94","92","Mar-2027","0.00","5.00"
"OLARIDGE 20 MG","cv12037","LC24D022B","133.57","187.00","10","18.70","40","Mar-2026","5.00","12.00"
"OLARIDGE 7.5 MG","sv04056","LC24I073E","78.57","110.00","10","11.00","45","Aug-2026","5.00","12.00"
"OLEANZ 10MG TABLET","B003704","SIG0097A","83.57","117.00","10","11.70","30","Dec-2027","5.00","12.00"
"OLEANZ FORTE TABLET","UE-25-12066","CGC0237","149.29","195.94","10","19.59","793","Oct-2027","9.00","5.00"
"OLEANZ PLUS TABLET","UE-25-12066","GTG2343A","103.58","135.94","10","13.59","753","Jun-2027","9.00","5.00"
"OLEANZ RT 20","B050456","SIG1713A","187.14","245.63","10","24.56","69","Aug-2027","5.00","5.00"
"OLEANZ RT 20","UE-25-12066","SIG2430A","187.14","245.63","10","24.56","750","Oct-2027","9.00","5.00"
"OLET-1.25","RPS5199","AR250352","48.04","63.05","15","4.20","35","Feb-2027","0.00","5.00"
"OLINSTAB F 20MG/5MG TABLET","RD22400","REXAT14","73.22","102.50","10","10.25","130","Feb-2026","5.00","12.00"
"OLZIC 10MG TABLET","RR21375","MT24-689","63.00","80.00","10","8.00","130","Oct-2026","0.00","12.00"
"OLZIC 10MG TABLET","RE027176","MT25-292","57.14","75.00","10","7.50","100","Apr-2027","5.00","5.00"
"OLZIC 2.5MG TABLET","RR21375","MT25-230","33.57","47.00","10","4.70","30","Mar-2027","0.00","12.00"
"OLZIC 5MG TABLET","RR21375","MT25-231","30.71","43.00","10","4.30","100","Mar-2027","0.00","12.00"
"OLZIC MT 10MG TABLET","RR21375","PSWAS06","70.00","98.00","10","9.80","130","Mar-2026","0.00","12.00"
"OLZIC MT 5 MG TABLET","RE027176","ALI02AGA","38.58","50.63","10","5.06","291","Mar-2027","5.00","5.00"
"OMNACORTIL 10MG TABLET","25R004027","13241469A","10.07","13.43","10","1.34","15","Aug-2028","4.00","12.00"
"OMNACORTIL 10MG TABLET","RR23153","13241469A","10.07","13.43","10","1.34","50","Aug-2028","5.00","12.00"
"OMNACORTIL 5MG TABLET","QR87818","13240390A","5.70","7.61","10","0.76","100","May-2028","5.00","12.00"
"OPIOSET 50MG","p-25-690","SPT-03442","677.86","889.69","10","88.97","424","May-2027","0.00","5.00"
"OPIPROL 100MG TABLET","TG24207","GTF1947A","117.86","165.00","10","16.50","460","Jun-2026","0.00","12.00"
"OPIPROL 50MG","TG24207","GTF1652A","72.14","101.00","10","10.10","104","Apr-2026","0.00","12.00"
"OPIPROL 50MG","UE-25-12041","GTG2581A","77.14","101.25","10","10.13","500","Sep-2027","9.00","5.00"
"OPIREST 50MG","RE020421","TT2505213","70.71","92.81","10","9.28","67","Apr-2027","5.00","5.00"
"OPTINEURON INJ","B039845","A25242VP","9.93","13.03","1","13.03","22","Nov-2026","5.00","5.00"
"ORAZEP 1 MG","BS-CHY25-26/1068","CRLA20925","17.09","21.37","10","2.14","13","Aug-2028","0.00","5.00"
"ORAZEP 2MG","BS-CHY25-26/919","CRLC60625","24.02","30.02","10","3.00","317","May-2028","0.00","5.00"
"OROFER XT TABLET","B004841","E16GL24326","242.14","339.00","15","22.60","15","Nov-2026","5.00","12.00"
"OXVUN 25NG","RE018873","D2503016LLB","75.64","99.28","10","9.93","80","Feb-2027","5.00","5.00"
"OXVUN 25NG","RE026801","D2511002LLB","75.64","99.28","10","9.93","780","Oct-2027","30.00","5.00"
"OXVUN 50MG TABLET","RD22400","D2404068","129.29","181.00","10","18.10","80","Mar-2026","5.00","12.00"
"PACITANE 2MG","250003005","NF8639","35.71","43.49","30","1.45","7","Aug-2028","0.00","5.00"
"PACITANE 2MG","25R026788","NF8675","35.71","43.49","30","1.45","1423","Dec-2027","0.00","5.00"
"PALIDO OD 3MG","25R007846","2FS9M001","74.21","103.90","10","10.39","270","Jul-2027","4.00","12.00"
"PALIDO OD 6MG TABLET 10'S","25R007846","2FF8M003","140.50","196.70","10","19.67","270","Mar-2027","4.00","12.00"
"PALIRIS LA 100MG","UE-25-12107","HAF2401A","1882.14","2470.31","1","2470.31","10","Sep-2026","0.00","5.00"
"PALIRIS LA 150","B044204","HAF2323A","2274.29","2985.00","1","2985.00","1","Aug-2026","5.00","5.00"
"PALIRIS LA 150","UE-25-12107","HAF2400A","2274.29","2985.00","1","2985.00","10","Sep-2026","0.00","5.00"
"PALIRIS LA 75MG","B051805","HAG1973B","1647.14","2161.88","1","2161.88","2","Aug-2027","5.00","5.00"
"PALISHOT 100MG","BS-CHY25-26/1056","MIPP2501A","1882.13","2470.31","1","2470.31","2","Feb-2027","0.00","5.00"
"PALMIDA","RE028798","C2507037","385.22","505.60","15","33.71","59","Dec-2026","5.00","5.00"
"PALMIGES CAPSULE","RE026550","DN125117","370.84","486.73","15","32.45","108","Aug-2027","5.00","5.00"
"PALMISOL TABLET","RE028263","NLT-1329","331.43","435.00","10","43.50","20","Jun-2027","5.00","5.00"
"PALONIX CAPSULE","HEV25-000403","VNC-0370","284.77","373.72","10","37.37","673","Jan-2027","0.00","5.00"
"PANAZEP LS","UE-25-11428","GTG12183A","137.14","180.00","10","18.00","876","Oct-2027","9.00","5.00"
"PANTOCID L","RR63518","SIG1709A","207.14","271.88","10","27.19","70","Jul-2027","0.00","5.00"
"PANTOGORD 40","RR90127","354TPG003","67.86","89.06","10","8.91","480","Oct-2027","5.00","5.00"
"PANTOGORD D","RR90127","354CPD003","90.71","119.06","10","11.91","500","Oct-2027","5.00","5.00"
"PANTOREN 40","HEV25-000296","BHT-25031715","71.30","93.75","10","9.38","1","Feb-2027","0.00","5.00"
"PANTOREN-DSR","HEV25-000267","BHC-25030553","110.72","145.31","10","14.53","21","Feb-2027","0.00","5.00"
"PANTOREN-DSR","HEV25-000296","BHC-25060135","110.72","145.31","10","14.53","650","May-0202","0.00","5.00"
"PARADISE XR 12.5MG TABLET","25R021639","CC40L005","151.79","199.22","10","19.92","48","Oct-2026","4.00","5.00"
"PARKREL 34 MG","25R026984","GFBF0001","128.57","168.75","10","16.88","100","Apr-2027","5.00","5.00"
"PAROLIFT 10 MG","RE027176","CMT242379","128.57","168.75","10","16.88","18","Nov-2026","5.00","5.00"
"PAROLIFT 20 MG","RE027176","MT242389","160.71","210.94","10","21.09","105","Nov-2026","5.00","5.00"
"PAROLIFT CR 12.5 MG","RE027176","CMT250671","135.71","178.13","10","17.81","115","Feb-2027","5.00","5.00"
"PAROLIFT CR 25MG","RE027176","CMT251383","183.57","240.94","10","24.09","100","Jul-2027","5.00","5.00"
"PAROXMIN CR 12.5","sv05992","LC25D095A","117.86","165.00","10","16.50","5","Mar-2027","5.00","12.00"
"PAROZEP 12.5MG TABLET","RE020103","TYOT-1630","127.14","166.88","10","16.69","130","Feb-2027","5.00","5.00"
"PATINEX LS TABLET","RE022897","D2506026LLB","125.03","164.10","10","16.41","130","May-2027","5.00","5.00"
"PATINEX PLUS 25MG/0.5MG TABLET","RE022897","D2412022LLB","148.57","195.00","10","19.50","130","Nov-2026","5.00","5.00"
"PAXINTA CR 12.5","25R011756","K2501129","171.96","240.75","10","24.08","222","Mar-2028","4.00","12.00"
"PAXIT CR 12.5 MG TABLET","BS-CHY25-26/1068","PXB25002","170.75","224.11","10","22.41","89","May-2027","0.00","5.00"
"PAXIT CR 25MG TABLET","BS-CHY25-26/1068","PXA25001","209.21","274.58","10","27.46","180","Dec-2026","0.00","5.00"
"PAXIT CR PLUS","BS-CHY25-26/1094","PXP25003","178.17","233.85","10","23.39","11","Jul-2027","0.00","5.00"
"PAXONIL PLUS 37.5MG","CCM2520089","2558701","355.71","466.87","15","31.12","15","Jan-2027","0.00","5.00"
"PAXONIL PLUS 37.5MG","ccm2520686","2558701","355.71","466.87","15","31.12","150","Jan-2027","0.00","5.00"
"PAXOTUS PLUS 12.5MG/0.5MG","25R024333","EPWHG2500","114.82","150.70","10","15.07","3","Dec-2027","4.00","5.00"
"PAXOTUS PLUS 25MG TABLETS","25R026701","EPWGJ25001","127.24","167.00","10","16.70","7","Feb-2027","5.00","5.00"
"PENBIRD NT","CR01451","RT2407-66A","212.85","298.00","10","29.80","109","Jun-2026","0.00","12.00"
"PENDOL","RE028574","OM-12352","243.81","320.00","4","80.00","20","Oct-2027","5.00","5.00"
"PENTANERV GRDS-300MG TABLET","RR89090","PNG25004WD","213.57","280.30","10","28.03","135","Nov-2026","5.00","5.00"
"PEXEP CR 12.5MG","RR80025","K2501862","258.00","338.63","15","22.58","30","Jul-2028","0.00","5.00"
"PEXEP CR 12.5MG","RR89009","K2502630","258.00","338.63","15","22.58","375","Oct-2028","5.00","5.00"
"PEXEP CR 25MG TABLET 15'S","RR71409","K2502179","375.00","492.19","15","32.81","125","Aug-2028","0.00","5.00"
"PEXEP PLUS 12.5MG/0.5MG","RR89009","K2501855","223.93","293.91","15","19.59","43","Jul-2027","5.00","5.00"
"PFILEPTOR","mh06651","APC2502","67.81","89.00","10","8.90","5","Jul-2027","0.00","5.00"
"PFILEPTOR SYRUP","MH07584","PCL2501","169.14","222.00","1","222.00","2","Mar-2027","0.00","5.00"
"PHENERGAN 10MG","EI00761","PCK0288","14.96","20.95","10","2.10","22","Mar-2027","4.00","12.00"
"PHENERGAN 10MG","RR74980","PCL0185","16.46","21.60","10","2.16","100","Feb-2028","0.00","5.00"
"PHENERGAN 2ML INJECTION","25R025059","NCJ0123","10.53","13.82","1","13.82","8","Oct-2026","5.00","5.00"
"PIMAVERSE 34 MG","UE-25-11428","GTG3019A","128.57","168.75","10","16.88","950","Sep-2028","9.00","5.00"
"PRAMISET 0.125MG","RR21342","MT24-224","39.29","55.00","10","5.50","20","Mar-2026","5.00","12.00"
"PRAXOHENZ CR 12.5 TABLET","RR57680","PKNFF08","149.29","195.94","10","19.59","48","Sep-2027","0.00","5.00"
"PREDULOX 50MG","RE019487","AL10ANA","115.72","151.88","10","15.19","130","Apr-2027","5.00","5.00"
"PREGABA 75 CAPSULE","QR93297","CPA7M001","263.75","369.25","15","24.62","8","Dec-2027","5.00","12.00"
"PREGABID DM","25R018145","365725001","199.29","261.29","10","26.13","30","Dec-2026","4.00","5.00"
"PREGABID NT","QR95685","N2403230","283.93","397.50","15","26.50","25","Oct-2027","5.00","12.00"
"PREGALIN M 75 MG CAPSULE","HI06263","CD32M001","248.57","348.00","15","23.20","90","Jan-2027","3.00","12.00"
"PROLET 12.5 TABLET","CCM2516539","AR241390","75.59","99.21","15","6.61","150","Oct-2026","0.00","5.00"
"PROLOL 10MG","RR37630","CRLB50125","11.00","14.67","10","1.47","5","Dec-2027","5.00","12.00"
"PRONATE EZ TABLET","RE009509","ADM01ADA","56.86","79.60","10","7.96","350","Dec-2026","5.00","12.00"
"PROTHIADEN 50MG","qr62808","adk0048","250.30","350.42","15","23.36","75","Apr-2027","5.00","12.00"
"Q-MIND 25MG","HI10867","RF3024002","39.39","51.70","10","5.17","228","Nov-2026","5.00","5.00"
"Q-MIND 300 MG","HI01544","CC79L001","233.57","327.00","10","32.70","5","Mar-2026","3.00","12.00"
"Q-MIND 50MG","HI09101","RF3125001","76.42","100.30","10","10.03","6","Jun-2027","3.00","5.00"
"Q-MIND 50MG","25R026983","RF3124002","69.57","91.31","10","9.13","45","Nov-2026","5.00","5.00"
"Q-MIND 50MG","HI11105","RF3125001","76.42","100.30","10","10.03","300","Jun-2027","6.00","5.00"
"Q-MIND SR 200MG TABLET","25R025161","2C78M001","173.21","227.34","10","22.73","285","Jan-2027","5.00","5.00"
"Q-MIND-400 MG","HI08378","2W64L002","273.89","359.48","10","35.95","200","Oct-2027","3.00","5.00"
"Q-PIN SR 100 MG","QR96154","24443310","92.14","129.00","10","12.90","60","Aug-2026","5.00","12.00"
"QLINO TAB","RE026678","X25C009","450.29","664.20","10","66.42","4","Feb-2027","5.00","5.00"
"QLINO TAB","RE030239","N608201","494.40","648.90","10","64.89","200","Feb-2027","5.00","5.00"
"QPINE-50","PR85315","T231717","51.43","72.00","10","7.20","10","Sep-2026","5.00","12.00"
"QUETIGRESS 25MG TABLET","RE017445","D2241180","32.86","43.13","10","4.31","130","Nov-2027","5.00","5.00"
"QUETIGRESS 50 TABLET","RE017445","D2250381","53.57","70.31","10","7.03","495","Feb-2026","5.00","5.00"
"QUICOBAL","25R007032","FH24A502","16.85","23.60","1","23.60","815","Oct-2026","4.00","12.00"
"QUOBEST","CT00847","HNC72","447.44","587.27","10","58.73","19","Dec-2026","0.00","5.00"
"QUOBEST","CT00877","HNC72","447.44","587.27","10","58.73","200","Dec-2026","0.00","5.00"
"QUOGRESS CAPSULE","RR56110","ADQ01BDA","768.21","1008.28","15","67.22","26","Dec-2026","0.00","5.00"
"QUOGRESS FORTE 300MG CAPSULE","RR62320","DN124445","905.08","1187.92","15","79.19","39","Apr-2027","0.00","5.00"
"QUOMIN 100","sv05992","LC25E066B","62.86","88.00","10","8.80","25","Apr-2026","5.00","12.00"
"QUOMIN 50","cv12037","LC24I118C","51.43","72.00","10","7.20","45","Aug-2026","5.00","12.00"
"QUOMIN SR 200 MG","cv12037","LC24D170A","141.43","198.00","10","19.80","195","Mar-2026","5.00","12.00"
"QUSER XL 100MG TABLET","RE020103","MT25-246","84.28","110.63","10","11.06","58","Mar-2027","5.00","5.00"
"QUSER XL 200MG TABLET","QR70508","TYOT-0271","146.43","205.00","10","20.50","125","Apr-2026","5.00","12.00"
"QUSER XL 300","QR70508","TYOT-0272","189.29","265.00","10","26.50","409","Apr-2026","5.00","12.00"
"QUTIPIN 25MG","RR68171","GTG2518A","57.14","75.00","10","7.50","70","Jul-2028","0.00","5.00"
"QUTIPIN 25MG","UE-25-12107","GTG3872A","57.14","75.00","10","7.50","1000","Nov-2028","9.00","5.00"
"QUTIPIN 50MG","UE-25-12107","GTG3618A","71.43","93.75","10","9.38","970","Oct-2027","9.00","5.00"
"QUTIPIN SR 100MG","B049359","GTG1133A","82.86","108.75","10","10.88","40","Mar-2028","5.00","5.00"
"QUTIPIN SR 100MG","UE-25-12107","GTG3275A","90.71","119.06","10","11.91","600","Oct-2028","9.00","5.00"
"QUTIPIN SR 200MG","UE-25-12107","GTE3928A","159.28","209.06","10","20.91","500","Nov-2027","9.00","5.00"
"QUTIWEL 25MG TABLET","RE026801","D2510047LLB","31.77","41.70","10","4.17","1170","Sep-2027","30.00","5.00"
"RABICENT L CAPSULE","BS-GGH25-26/673","CRLBC10325","227.29","298.32","10","29.83","61","Feb-2028","0.00","5.00"
"RAPIDEM SL SPRAY","RR89845","1EV25023","213.57","280.31","1","280.31","5","Sep-2027","5.00","5.00"
"RAPIDEM SL SPRAY","RR91179","1EV25019","213.57","280.31","1","280.31","20","Aug-2027","5.00","5.00"
"REJIYANA","MH06938","RYN2504","186.67","245.00","10","24.50","110","Jun-2027","0.00","5.00"
"REJUNEX CD3","SV07712","K2502202","190.00","249.38","10","24.94","35","Aug-2027","0.00","5.00"
"REJUNEX CD3","RR74613","K2501258","190.00","249.38","10","24.94","60","Apr-2027","0.00","5.00"
"RESPITREND FORTE","CV04616","LC24D051B","107.14","150.00","15","10.00","15","Mar-2026","5.00","12.00"
"RESPITREND FORTE","SV02107","LC24D051B","107.14","150.00","15","10.00","145","Mar-2026","5.00","12.00"
"RESPITREND LS","sv05992","LC25A085D","82.14","115.00","15","7.67","5","Dec-2026","5.00","12.00"
"RESPITREND PLUS","SV01547","LC24C147E","85.71","120.00","15","8.00","275","Feb-2026","5.00","12.00"
"RESTYL 0.25MG","RR72949","5SB0504","24.33","31.93","15","2.13","65","May-2028","0.00","5.00"
"RESTYL 0.5MG","RR56692","5SB0304","49.38","64.81","15","4.32","10","Feb-2028","0.00","5.00"
"RESTYL 0.5MG","RR70306","5SB0577","49.38","64.81","15","4.32","450","May-2028","0.00","5.00"
"REXIPRA 10MG","RR70306","N2501894","73.28","96.18","10","9.62","41","May-2028","0.00","5.00"
"REXIPRA 10MG","RR77353","N2503393","73.28","96.18","10","9.62","360","Sep-2028","0.00","5.00"
"REXIPRA 15 MG TABLET","RR79850","K2402106","112.50","147.66","10","14.77","300","Sep-2027","0.00","5.00"
"REXIPRA FORTE","RR59137","K2501581","212.50","278.91","15","18.59","23","Jun-2027","0.00","5.00"
"REXIPRA FORTE","RR77353","K2501917","328.39","431.02","15","28.73","180","Jul-2027","0.00","5.00"
"REXIPRA FORTE 20MG TABLET","RR85823","K2501917","328.39","431.02","15","28.73","402","Jul-2027","5.00","5.00"
"REXIPRA LITE TABLET","QR87818","K2401106","139.82","195.75","15","13.05","70","May-2026","5.00","12.00"
"REXIPRA LITE TABLET","RR89085","K2402108","139.82","183.52","15","12.23","750","Sep-2026","5.00","5.00"
"REXIPRA LS","RR86285","K2502334","203.21","266.72","15","17.78","308","Aug-2027","5.00","5.00"
"REXIPRA PLUS","QR87818","K2402107","66.79","188.00","15","12.53","13","Sep-2026","5.00","12.00"
"REXIPRA PLUS","RR89085","K2502267","147.50","193.59","15","12.91","600","Aug-2027","5.00","5.00"
"RISCON FORTE","RE024975","TZOT-0539","84.29","110.63","10","11.06","120","Jul-2027","5.00","5.00"
"RISCON LS","RR73360","TZOT-0663","59.28","77.81","10","7.78","6","Jul-2027","0.00","5.00"
"RISDONE FORTE","RR77353","N2502271","89.46","117.42","10","11.74","65","Jun-2028","0.00","5.00"
"RISDONE FORTE","RR89085","N2502930","89.46","117.42","10","11.74","200","Aug-2028","5.00","5.00"
"RISDONE LIQUID","25R025954","TL25165","107.87","141.58","1","141.58","6","Mar-2027","5.00","5.00"
"RISDONE LS","RR92040","N2503370","66.79","87.66","10","8.77","126","Sep-2028","5.00","5.00"
"RISDONE MT 0.5MG","RR37630","k2400969","23.93","33.50","10","3.35","40","Apr-2026","5.00","12.00"
"RISDONE MT 1MG","RR77353","K2501105","24.64","32.34","10","3.23","32","Apr-2027","0.00","5.00"
"RISDONE PLUS","RR81194","N2502272","66.79","87.66","10","8.77","63","Jun-2028","0.00","5.00"
"RIVMD 0.25MG","A001636","RVB25002","49.07","64.41","30","2.15","900","Dec-2026","0.00","5.00"
"RIVMD 0.5MG","A000884","RVB25002","84.24","110.56","30","3.69","70","Dec-2026","0.00","5.00"
"RIVMD 0.5MG","A001636","RVB25002","84.24","110.56","30","3.69","360","Dec-2026","0.00","5.00"
"ROPARK 0.25MG","B022382","SIG0708A","65.00","91.00","10","9.10","20","Feb-2027","5.00","12.00"
"ROPARK XL 1MG","B027443","SIG1484A","152.86","214.00","10","21.40","5","Jun-2027","5.00","12.00"
"SCHIZONIL H","RE024363","OM-11449","15.21","19.97","10","2.00","565","Apr-2028","5.00","5.00"
"SCHIZONIL H","RE027976","OM-11449","15.21","19.97","10","2.00","500","Apr-2028","5.00","5.00"
"SCHIZONIL PLUS","RR66505","OM-10746","17.04","22.36","10","2.24","241","Aug-2027","0.00","5.00"
"SERENACE 0.25 TABLET 10'S","HI00200","01S24005","40.00","46.03","20","2.30","430","Nov-2027","3.10","12.00"
"SERENACE 0.25 TABLET 10'S","B051805","01S24003","32.88","43.15","20","2.16","320","May-2028","5.00","5.00"
"SERENACE 0.5MG","B046558","23S25002","62.96","82.64","20","4.13","39","Jun-2028","5.00","5.00"
"SERENACE 0.5MG","B051805","23S25003","62.96","82.64","20","4.13","240","Jun-2028","5.00","5.00"
"SERTA 100MG","25R023379","2KJ3M003","288.04","378.05","15","25.20","5","Jul-2028","4.00","5.00"
"SERTA 25MG","25R023422","2KJ2M005","91.85","120.55","15","8.04","450","Jun-2028","4.00","5.00"
"SERTA 25MG","25R023379","2KJ4M004","91.85","120.55","15","8.04","94","May-2028","4.00","5.00"
"SERTAGRESS 100MG TABLET","RE017650","D2250585","105.00","137.81","10","13.78","160","Apr-2028","5.00","5.00"
"SERTAGRESS 25MG TABLET","RE017650","D2250358","44.28","58.12","10","5.81","323","Feb-2028","5.00","5.00"
"SERTAGRESS 50MG TABLET","RE017650","D22504663","73.57","96.56","10","9.66","180","Mar-2027","5.00","5.00"
"SHELCAL 500MG TABLET","BO18007","8LV2M127","113.29","158.60","15","10.57","40","Feb-2027","5.00","12.00"
"SHELCAL NEU","HI10817","2SG6M076","306.43","402.15","15","26.81","135","Jun-2027","6.00","5.00"
"SIGDOTH 25MG","RD31988","LASD24003","42.50","59.50","10","5.95","170","Apr-2027","5.00","12.00"
"SIGDOTH 50MG","RD21492","LASH24001","60.86","85.20","10","8.52","50","Dec-2026","5.00","12.00"
"SIGDOTH 50MG","RE028036","LASH24003","60.86","79.88","10","7.99","200","Nov-2027","5.00","5.00"
"SIGDOTH 75","RE030560","LAAD25002","75.71","99.38","10","9.94","290","Apr-2027","5.00","5.00"
"SIOOXY SOFTGEL CAPSULE","SV03334","EPWHG25001","114.86","160.80","10","16.08","30","Feb-2027","4.00","12.00"
"SIZODON 1MG","EI00761","SIG0093A","24.16","33.82","10","3.38","1","Dec-2027","4.00","12.00"
"SIZODON 1MG","RR65080","SIG1406A","24.57","32.25","10","3.23","100","May-2028","0.00","5.00"
"SIZODON FORTE TABLET","UE-25-3879","SIG0778A","102.86","144.00","10","14.40","100","Apr-2028","9.00","12.00"
"SIZODON LS TABLET","UE-25-3879","SIG1014A","67.14","94.00","10","9.40","100","Apr-2028","9.00","12.00"
"SIZODON PLUS TABLET","UE-25-3879","SIG1020A","83.57","117.00","10","11.70","100","Apr-2028","9.00","12.00"
"SIZONORM FORTE","BS-GGH24-25/95","SFA23002","20.41","28.57","10","2.86","100","Sep-2026","0.00","12.00"
"SIZONORM PLUS","BS-CHY25-26/863","SPA25002","14.03","18.41","10","1.84","50","Apr-2028","0.00","5.00"
"SIZOPIN 100MG","TG23625","SIF1314A","67.60","94.64","10","9.46","65","Apr-2027","0.00","12.00"
"SIZOPIN 50MG","TG23625","SIF1506A","41.51","58.12","10","5.81","30","May-2027","0.00","12.00"
"SKIZORIL 100MG TABLET","QR70060","V2400905","67.60","94.64","10","9.46","2","Jul-2027","5.00","12.00"
"SKIZORIL ER 100MG CAPSULES","25R026988","N2503386","107.14","140.63","10","14.06","80","Aug-2027","5.00","5.00"
"SKIZORIL ER 12.5CAPSULES","25R026690","N2501941","25.00","32.81","10","3.28","178","Apr-2027","5.00","5.00"
"SKIZORIL ER 200MG CAPSULS100MG TABLET","25R026988","N2503387","207.14","271.88","10","27.19","14","Aug-2027","5.00","5.00"
"SKIZORIL ER 25MG CAPSULES","RR88075","N2500678","32.14","42.19","10","4.22","15","Aug-2027","5.00","5.00"
"SKIZORIL ER 50MG CAPSULES","25R022680","N2502215","64.29","84.38","10","8.44","15","Apr-2027","4.00","5.00"
"SKIZORIL ER 50MG CAPSULES","RR88075","N2501450","64.29","84.38","10","8.44","10","Mar-2027","5.00","5.00"
"SOLOPOSE BETA 0.5MG TABLET","rz019761","G1FX003","51.75","72.45","10","7.25","439","Apr-2026","4.00","12.00"
"SOLOPOSE MD 0.25MG TABLET","rz019761","K15X002","28.74","40.24","10","4.02","885","May-2026","4.00","12.00"
"SOLOPOSE MD 0.5MG TABLET","rz019761","K25X003","47.05","65.87","10","6.59","935","Apr-2026","4.00","12.00"
"SOLOPOSE PLUS TABLET","25R018206","D2HPY001","99.82","131.02","10","13.10","10","Mar-2027","0.00","5.00"
"SOLOPOSE PLUS TABLET","RR80431","D2HPY003","99.81","131.00","10","13.10","10","Jun-2027","0.00","5.00"
"SOLTUS 100MG","QR33432","K2401111","141.43","198.00","10","19.80","30","May-2027","5.00","12.00"
"SOLTUS 200MG","RR79850","K2501011","273.75","359.30","10","35.93","15","Mar-2028","0.00","5.00"
"SOLTUS 50 MG","RR76167","K2501641","87.14","114.38","10","11.44","80","Jun-2028","0.00","5.00"
"SOULPAXIN -LS","CT00847","BT-0773","140.71","184.69","10","18.47","374","Sep-2026","0.00","5.00"
"SOULPAXIN -LS","CT00877","BT-0773","140.71","184.69","10","18.47","400","Sep-2026","0.00","5.00"
"SOVE IT 6.25MG","RR62465","AGV04APA","168.04","220.55","15","14.70","46","Jun-2027","0.00","5.00"
"SPAFEN-30","HEV000290","bht-24070579","235.73","330.00","10","33.00","95","Jun-2026","0.00","12.00"
"SPENZO 20 MG INJ","25R002307","L4925008","306.43","429.00","1","429.00","1","Feb-2027","4.00","12.00"
"SPENZO DEPOT 40MG","QR53663","K2401063","278.93","390.50","1","390.50","1","Apr-2027","5.00","12.00"
"SRIVENLA LS","CT00847","BT-0790","120.00","157.50","10","15.75","62","Sep-2026","0.00","5.00"
"SRIVENLA LS","CT00877","BT-0790","120.00","157.50","10","15.75","400","Sep-2026","0.00","5.00"
"STABLE ACT","SV04842","LFSG-0229","535.00","750.00","10","75.00","93","Dec-2026","0.00","18.00"
"STILNOCT 6.25MG TABLET","fy26/hws/362","KT1868","157.79","220.90","14","15.78","56","Oct-2027","0.00","12.00"
"SULPITAC 50MG","UE-25-12041","GTG3169A","87.86","115.31","10","11.53","1000","Sep-2027","9.00","5.00"
"SYLORA MD 2MG","P-24-727","LT24064","22.48","31.47","10","3.15","10","Apr-2026","0.00","12.00"
"SYMBAL 30MG TABLET","aa08412","2631l002","139.25","152.14","10","15.21","11","May-2026","0.00","12.00"
"SYMPTA 20MG TABLET","RD22395","PJRAB57","77.02","107.85","10","10.79","10","Jan-2026","5.00","12.00"
"SZETALO PLUS MD","A001438","PCK0926","151.61","198.98","10","19.90","129","Nov-2026","0.00","5.00"
"T1 MAX","OP-25-26/448","TYM24001","142.14","199.00","10","19.90","30","Jan-2026","0.00","5.00"
"TADAPRIDE D","RR85936","ST25016B","85.71","112.50","4","28.13","160","Mar-2027","5.00","5.00"
"TADAZA TABLET","RE026801","49TTD002","231.85","304.30","4","76.08","520","May-2027","30.00","5.00"
"TANCODEP 2MG","HG12621","GDQD0004","19.96","27.96","10","2.80","305","Jun-2027","3.90","12.00"
"TANCODEP 2MG","PR89819","GDHD0004","19.96","27.95","10","2.80","120","Jun-2027","5.00","12.00"
"TANCODEP 2MG","HH05424","GDHD0005","19.96","27.96","10","2.80","1440","Jun-2027","3.90","12.00"
"TANCODEP 5MG","HH05148","GDHD0002","19.93","27.90","10","2.79","1340","Jun-2027","3.90","12.00"
"TATOPRAM 10","ARZR000275","LC24G036G","62.14","81.56","10","8.16","620","Jun-2026","0.00","5.00"
"TATOPRAM 20","ARZR000275","NKT25166A","112.14","147.19","10","14.72","141","Jan-2027","0.00","5.00"
"TATOPRAM 20","ARZR000345","NKT25166A","112.14","147.19","10","14.72","1000","Jan-2027","0.00","5.00"
"TATOPRAM LITE","ARZR000342","LC24H1017B","88.51","116.25","10","11.63","685","Jul-2026","0.00","5.00"
"TEDANITE 20","ALS 171","TNA2401","467.22","599.00","10","59.90","35","Mar-2026","0.00","12.00"
"TEDANITE 5","ALS 171","TDN2401","155.22","199.00","10","19.90","60","Dec-2026","0.00","12.00"
"TETRAFOL PLUS","B003704","GKF2227A","184.29","258.00","10","25.80","100","Dec-2026","5.00","12.00"
"TETRAFOL PLUS","UE-25-12066","GKG2040A","195.72","256.88","10","25.69","500","Oct-2027","9.00","5.00"
"THIAPRES INJECTION","p-25-690","LO98251OC","43.45","57.03","1","57.03","78","May-2027","0.00","5.00"
"THIAPRES TAB","p-25-690","SPT-03143","36.29","47.63","10","4.76","435","Mar-2027","0.00","5.00"
"TOFICALM 50MG","UE-25-12107","GTG3028A","129.29","169.69","10","16.97","600","Oct-2028","9.00","5.00"
"TOLAZ DT 10","25R025167","2EB4M001","114.63","150.45","15","10.03","5","Jan-2027","5.00","5.00"
"TOLAZ DT 10","25R026983","2EB4M001","114.63","150.45","15","10.03","250","Jan-2027","5.00","5.00"
"TOLAZ DT 10","25R026983","2NF6M001","125.98","165.35","15","11.02","450","Jul-2027","5.00","5.00"
"TOLAZ DT 2.5MG","25R027521","2F90M002","53.64","70.40","15","4.69","206","Jun-2027","5.00","5.00"
"TOLAZ DT 5MG","25R025161","2EB3M001","68.11","89.40","15","5.96","167","Apr-2027","5.00","5.00"
"TOLAZ DT 5MG","25R026983","2EB3M001","68.11","89.40","15","5.96","750","Apr-2027","5.00","5.00"
"TOLAZ DT 7.5MG","HI10817","2NS2M001","72.50","95.16","10","9.52","52","Apr-2027","6.00","5.00"
"TOLAZ DT 7.5MG","25R026983","2NS2M002","79.66","104.55","10","10.46","500","Apr-2027","5.00","5.00"
"TOLAZ LA 210MG INJECTION","HI09101","KCS3M002","1178.29","1546.50","1","1546.50","1","Apr-2027","3.00","5.00"
"TOLAZ LA 300MG INJ","HI11105","KCS4M006","1424.00","1869.00","1","1869.00","1","Aug-2027","6.00","5.00"
"TOLAZ LA 405MG INJ","HI11105","KCS5M008","1552.76","2038.00","1","2038.00","1","Aug-2027","6.00","5.00"
"TOLPIRAL P TAB","RD34051","AST24647","114.29","160.00","10","16.00","42","Oct-2026","5.00","12.00"
"TOLPIRAL P TAB","RD34104","AST24647","114.29","160.00","10","16.00","100","Oct-2026","5.00","12.00"
"TOPAMED 25MG TABLET","RE020103","MT25-428","61.43","80.63","10","8.06","70","Jun-2027","5.00","5.00"
"TOPAZ 25MG","25R026988","K2502404","91.07","119.53","15","7.97","58","Sep-2027","5.00","5.00"
"TOPAZ 50MG","25R025481","K2502405","175.71","230.63","15","15.38","7","Sep-2027","5.00","5.00"
"TOPIROL 25MG","TG23625","GTF2435A","75.71","106.00","10","10.60","30","Jun-2027","0.00","12.00"
"TOPSE 25 MG","BS-CHY25-26/783","QDT-25918","65.55","86.04","10","8.60","4","Aug-2027","0.00","5.00"
"TOPSE 50 MG","BS-CHY25-26/327","CRLC70824","108.10","151.34","10","15.13","5","Jul-2026","0.00","12.00"
"TOPSE 50 MG","BS-CHY25-26/783","TOB25001","118.91","156.08","10","15.61","515","Aug-2028","0.00","5.00"
"TORIB RELAX","sv04004","ECT8T5002","327.86","459.00","10","45.90","63","Feb-2027","27.00","12.00"
"TORIB-MR 4MG","SV5629","TM4-40","206.57","289.00","10","28.90","69","Apr-2027","5.00","12.00"
"TORVATE CHRONO 200MG TABLET","aa08412","oj78l001","26.96","37.74","10","3.77","240","Jun-2026","0.00","12.00"
"TRANCODOL DT 1.5","RR90517","V2500176","12.84","16.85","10","1.69","975","Jul-2027","5.00","5.00"
"TRANCODOL DT 5MG","RR86962","N250177","29.01","38.08","10","3.81","47","Jul-2027","5.00","5.00"
"TRANXIETY","UE-25-12066","GTF3602A","67.86","89.06","10","8.91","7074","Oct-2027","9.00","5.00"
"TRAPEX 1MG TABLET","RR60532","GTG0309A","18.40","24.15","10","2.42","100","Dec-2026","0.00","5.00"
"TRAPEX 2MG","RR60532","GTG0987A","22.48","29.50","10","2.95","80","Feb-2027","0.00","5.00"
"TRAZONIL 100MG TABLET","SV10140","N2500335","148.39","194.77","15","12.98","150","Jan-2028","5.00","5.00"
"TRAZONIL 25MG","SV10140","N2500333","48.21","63.28","15","4.22","145","Jan-2028","5.00","5.00"
"TRAZONIL 50MG","SV10140","N2500334","108.21","142.03","15","9.47","195","Jan-2028","5.00","5.00"
"TRIEASY SYRUPS","E006129","HBI01AAA","83.05","109.00","1","109.00","52","Apr-2027","0.00","5.00"
"TRIFDYL H","P-25-915","GLL-661025","21.33","28.00","10","2.80","4475","Sep-2027","0.00","5.00"
"TRIFDYL H","P-25-915","GLL-661025","21.33","28.00","10","2.80","5000","Sep-2027","0.00","5.00"
"TRINICALM FORTE","HI08990","2537M001","17.57","23.06","15","1.54","319","Feb-2028","3.00","5.00"
"TRINICALM PLUS","25R024373","2F79M008","23.14","30.37","10","3.04","3","Jul-2028","4.00","5.00"
"TROCOTEN PLUS","CT00754","F252268","237.29","311.44","10","31.14","34","Apr-2027","0.00","5.00"
"TROCOTEN PLUS","CT00877","F252268","237.29","311.44","10","31.14","200","Apr-2027","0.00","5.00"
"TRYHANS 2MG","SV10150","LC25E222E","10.71","14.06","10","1.41","30","Apr-2027","5.00","5.00"
"TRYHP 2 MG","RE030714","LATH25006","11.00","14.40","10","1.44","493","Jul-2028","5.00","5.00"
"TRYHP PLUS","RE030551","LATR25002","18.71","24.50","10","2.45","792","Jun-2028","5.00","5.00"
"TRYHP PLUS","RE030551","LATR25002","18.71","24.50","10","2.45","1000","Jun-2028","5.00","5.00"
"TRYPTOMER 10MG","25R025685","D2500388","58.20","76.39","30","2.55","1140","Jun-2027","9.00","5.00"
"TRYPTOMER 25MG","25R025685","D2500328","60.68","79.64","30","2.65","1195","Aug-2028","9.00","5.00"
"UBIREN CAPSULE","HEV000431","SGG24453","425.02","595.00","10","59.50","9","Nov-2026","0.00","12.00"
"UBIREN SYP","HEV25-000296","BCL25-184","203.58","267.19","1","267.19","71","Nov-2026","0.00","5.00"
"ULTRACET TABLET","RR48889","J11903","225.29","315.40","15","21.03","42","Jul-2027","0.00","12.00"
"UVOX 50MG TABLET","A001619","MAL0008","224.81","295.06","10","29.51","100","Sep-2027","0.00","5.00"
"VALKEM 250 100 ML  SOL","RR58188","VAK24002WD","163.57","214.69","1","214.69","8","Aug-2026","0.00","5.00"
"VALKEM 500MG ORAL SOL","RR85839","VKM24002WD","256.43","336.56","1","336.56","7","Dec-2026","5.00","5.00"
"VALKEM 500MG ORAL SOL","RR85839","VKM24002WD","256.43","336.56","1","336.56","10","Dec-2026","5.00","5.00"
"VALKEM OD 250MG","RE029153","VML25006MR","95.71","125.63","10","12.56","21","May-2027","5.00","5.00"
"VALKEM OD 500MG TABLET","RR56341","VMK25005MR","169.98","223.10","10","22.31","14","Apr-2027","0.00","5.00"
"VALSTAG CR -500","RR85936","LC24L088A","75.78","97.03","10","9.70","300","Nov-2026","5.00","5.00"
"VALSTAG CR 200","qr88450","LC24G150B","24.89","34.00","10","3.40","12","Jun-2026","5.00","12.00"
"VALSTAG CR 300","RR28513","LC24B061B","49.78","68.00","10","6.80","10","Jan-2026","5.00","12.00"
"VALSTAG CR 300","RR85936","LC25K167A","49.78","65.00","10","6.50","330","Oct-2027","5.00","5.00"
"VANTAXA 10 MG","RR57796","DRE12144B","138.21","181.41","10","18.14","340","Oct-2026","0.00","5.00"
"VARI 0.5MG","RE021006","OM-10936","400.00","525.00","10","52.50","105","Oct-2027","5.00","5.00"
"VARI 1MG","RE021006","OM-10936","535.71","703.13","10","70.31","60","Oct-2027","5.00","5.00"
"VARI 1MG","RR84783","OM-11878","540.96","710.00","10","71.00","10","Jul-2028","5.00","5.00"
"VARI 1MG","RE030560","OM-11878","540.94","710.00","10","71.00","110","Jul-2028","5.00","5.00"
"VENIZ XR 37.5MG CAPSULE","UE-25-7650","GTG2095A","53.57","70.31","10","7.03","35","Feb-2028","9.00","5.00"
"VENLIFT OD 37.5MG","HI09647","C569L001","41.43","54.38","10","5.44","5","Dec-2026","3.00","5.00"
"VENLIFT OD 75MG","HI06949","C570M004","89.98","118.10","10","11.81","270","Apr-2028","3.00","5.00"
"VENLITE CZ 100MG TAB","RE009509","ST-25010","231.57","324.20","10","32.42","73","Feb-2027","5.00","12.00"
"VENLITE CZ 50MG TABLET","RE009509","ST-25021","139.36","195.10","10","19.51","80","Mar-2027","5.00","12.00"
"VENLITE OD 100MG TAB","RE009509","D2503037","207.00","289.80","10","28.98","100","Feb-2027","5.00","12.00"
"VENLITE OD 50MG TAB","RE009509","D2501093","114.36","160.10","10","16.01","120","Dec-2026","5.00","12.00"
"VOLINI SPRAY 15GM","B021874","CSC0019","59.29","83.00","1","83.00","2","Apr-2027","5.00","12.00"
"VORTIDIF 20MG TABLET","B047717","GTG2829A","242.86","318.75","10","31.88","33","Aug-2027","5.00","5.00"
"VORTIDIF 20MG TABLET","B053932","GTG3858A","242.86","318.75","10","31.88","315","Nov-2026","5.00","5.00"
"VORTIDIF 5MG TABLET","RR64272","GTG2080A","71.43","93.75","10","9.38","250","Jun-2027","0.00","5.00"
"VOXIDEP CR 150MG","RE020261","MT25557","285.71","375.00","10","37.50","69","Jul-2027","5.00","5.00"
"VOXITIN 10MG","HAK/25-26/3261","25441422","151.43","198.75","10","19.88","240","Mar-2027","0.00","5.00"
"WAKLERT 150MG TABLET","TG23625","SIF0960A","253.57","355.00","10","35.50","1","Feb-2026","0.00","12.00"
"XBAREN 300MG","QR20167","D223923","90.00","126.00","10","12.60","100","Nov-2026","5.00","12.00"
"XBAREN 600MG","QR53702","D224192","152.86","214.00","10","21.40","395","Feb-2027","5.00","12.00"
"XET 20MG TABLET","PV03223","S500380","219.82","288.50","10","28.85","220","Feb-2027","0.00","5.00"
"XET CR 12.5 MG","PV02898","S500117","190.39","249.87","10","24.99","134","Feb-2027","0.00","5.00"
"XET CR PLUS 12.5MG CAPSULE","PV01463","S500263","182.52","255.53","10","25.55","200","Jan-2027","0.00","12.00"
"XET CR PLUS 12.5MG CAPSULE","PV01463","S401499","165.93","232.30","10","23.23","50","Aug-2026","0.00","12.00"
"XLOAD M","SV09640","SBT-0399","342.86","450.00","10","45.00","156","Jul-2027","5.00","5.00"
"ZAPIZ 0.25MG","RR77353","K2502135","28.09","36.87","20","1.84","53","Aug-2028","0.00","5.00"
"ZAPIZ 0.5MG","RR89085","K2502604","56.16","73.71","20","3.69","206","Aug-2028","5.00","5.00"
"ZAPIZ 1MG","RR72093","K2501425","58.17","76.35","15","5.09","6","May-2028","0.00","5.00"
"ZAPORIL 12.5MG","RE027172","MT25-730","27.81","36.50","10","3.65","1","Oct-2028","5.00","5.00"
"ZAPORIL 25MG","RE027976","MT25-220","23.63","29.53","10","2.95","80","Mar-2028","5.00","5.00"
"ZAPORIL 50MG","RE003855","MT24-714","43.50","58.00","10","5.80","30","Oct-2027","5.00","12.00"
"ZAPTRA LS 12.5MG","25R027297","K2502852","220.71","289.69","15","19.31","135","Oct-2027","5.00","5.00"
"ZERODOL TABLET","QR94270","SW104005BH","46.58","65.20","10","6.52","59","Aug-2026","5.00","12.00"
"ZISPER LS TABLET","25R007260","AM0225005","75.43","105.60","10","10.56","20","Feb-2027","4.00","12.00"
"ZISPER LS TABLET","25R007846","AM0225005","75.43","105.60","10","10.56","120","Feb-2027","4.00","12.00"
"ZISPER PLUS TABLET","25R007846","AL0225005","86.43","121.00","10","12.10","10","Mar-2027","4.00","12.00"
"ZOLCALM 10MG TABLET","RE022897","D2507065LLB","125.18","164.30","15","10.95","14","Jun-2027","5.00","5.00"
"ZOLCALM 5MG TABLET","RE022897","D2505055LLB","90.29","118.50","10","11.85","10","Apr-2027","5.00","5.00"
"ZOLCENT D 30 MG/40 MG CAPSULE","BS-GGH25-26/475","CRLA40625","47.14","61.88","10","6.19","130","May-2027","0.00","5.00"
"ZOLFRESH 5MG TABLET","QR55706","ZLT24006","74.51","104.32","15","6.95","5","Apr-2027","5.00","12.00"
"ZOLNAP 10MG","RE020103","LBPD25002","71.25","89.06","10","8.91","10","Feb-2027","5.00","5.00"
"ZOLNAP 5MG TABLET","RE020103","LBPE24005","52.13","65.16","10","6.52","15","Sep-2026","5.00","5.00"
"ZOLPIGRESS 10MG","RR57896","PKNIG04","67.86","89.06","10","8.91","110","Oct-2026","0.00","5.00"
"ZONALTA 8MG","RR90993","M2510708","714.29","937.50","10","93.75","37","Oct-2028","5.00","5.00"
"ZOPITAB 10 MG","ALS1821","OT230019","69.42","89.00","10","8.90","50","Apr-2026","0.00","12.00"
"ZOPITAB 5 MG","ALS1821","OT230150","41.34","53.00","10","5.30","345","Aug-2026","0.00","12.00"
"ZOSERT 100MG","UE-25-12066","GTG3378A","161.43","211.88","10","21.19","400","Oct-2028","9.00","5.00"
"ZOSERT 25MG","EI08808","GTG0332A","57.86","81.00","10","8.10","80","Dec-2027","4.00","12.00"
"ZOSERT 25MG","UE-25-12066","GTG3870A","57.86","75.94","10","7.59","400","Nov-2028","9.00","5.00"
"ZOSERT 50MG","UE-25-12066","GTG3565A","102.86","135.00","10","13.50","400","Nov-2028","9.00","5.00"
"ZUBILANCE","MH07764","ZBL2503","148.57","195.00","10","19.50","226","May-2027","0.00","5.00"
"ZUBITIN","25R017086","N2403496","262.14","344.06","1","344.06","3","Nov-2027","0.00","12.00"
"ZUPION DX","RR79850","EMV241281","85.71","112.50","10","11.25","1","May-2026","0.00","5.00"
"ZUTHIXOL 200MG INJECTION","sc01879","alv117","713.57","936.56","1","936.56","1","Sep-2027","0.00","5.00"
"ZYVEN OD PLUS 50MG TABLET","QR62761","GZZ24002","160.20","224.30","10","22.43","90","May-2026","5.00","12.00"
"ADROLE XL 2MG","","TZOT-0359","164.89","227.81","10","22.78","21","May-2027","0.00","5.00"
"ALKEPIN ODT 50MG","","24444213","39.44","58.13","10","5.81","196","Nov-2026","0.00","12.00"
"AMISPLIT ODT 200","","ASOT2401","202.76","298.80","10","29.88","6","May-2027","0.00","12.00"
"AMIXIDE","","SIE0870A","52.00","69.50","10","6.95","110","Feb-2027","0.00","12.00"
"ANXOZAP 15MG","","SIF1892A","123.50","182.00","10","18.20","25","Feb-2026","0.00","12.00"
"ARACHITOL NANO","","RPK0006","71.90","104.90","1","104.90","1","Jan-2026","0.00","12.00"
"ARPIT 5MG","","CRLA60924","56.45","102.75","10","10.28","3","Aug-2026","0.00","12.00"
"BACLOREN 10 MG","","D223569","88.30","122.00","10","12.20","75","Jul-2026","0.00","5.00"
"BD 3 ML","","2525555","5.00","10.00","1","10.00","5","Nov-2027","0.00","12.00"
"BENALGIS 100MG","","SH1275019","109.10","143.20","10","14.32","10","Jul-2027","0.00","5.00"
"BENFORICH PLUS","","VX-621024","216.00","300.00","10","30.00","11","Sep-2026","0.00","18.00"
"BEVOXA 100CR","","T241850","193.23","265.00","10","26.50","30","Sep-2027","0.00","12.00"
"BUPREPLAST 10MCG/HR TRANSDERMAL PATCH","","B23002","1200.00","1790.00","1","1790.00","1","Oct-2026","0.00","12.00"
"BUPREPLAST PATCH 5 MG","","VA24003","540.00","885.00","1","885.00","3","Apr-2026","0.00","12.00"
"BUPRON DX","","AXB0065","81.42","120.00","10","12.00","6","May-2026","0.00","12.00"
"CLONIL 50 MG","","N2400981","188.81","278.25","15","18.55","20","Mar-2027","0.00","12.00"
"DAYVIGO 10MG","","DV2502","652.80","892.50","14","63.75","22","Jan-2030","0.00","5.00"
"DEPRANEX 10 MG","","N2302901","72.00","100.80","10","10.08","60","Jan-2028","0.00","12.00"
"DESLAPS FORTE","","ARTN-048","170.82","239.00","10","23.90","10","Apr-2026","0.00","12.00"
"DESLAPS LS","","2425601","105.86","148.00","10","14.80","5","Jan-2026","0.00","5.00"
"DIVALGRESS ER 750 MG TABLET","","PKNBV56","116.72","161.25","10","16.13","15","Nov-2026","0.00","5.00"
"DIVOKEN ER 500","","NKT240644A","130.71","171.56","10","17.16","11","Jun-2026","0.00","5.00"
"DPSTST FAST GEL","","ME24139","80.00","110.00","1","110.00","1","Sep-2026","0.00","12.00"
"DYNA KNEE CAP","","DK050-0124","390.00","425.00","2","212.50","1","Dec-2028","0.00","18.00"
"DYNA KNEE CAP L","","DK015-0524","320.00","465.00","1","465.00","1","Apr-2029","0.00","12.00"
"DYNA KNEE CAP L","","DK015-0524","320.00","495.00","1","495.00","1","Apr-2029","0.00","12.00"
"EQUIREX","","ETJ4163","50.00","70.05","10","7.01","30","May-2026","0.00","12.00"
"ESIHANS FORTE","","LC24J1024E","88.22","130.00","10","13.00","29","May-2026","0.00","12.00"
"ETIXETY","","GFHF0005","68.76","95.00","10","9.50","33","Sep-2027","0.00","5.00"
"EXERLINE 50MG","","ZT23924","97.14","136.00","10","13.60","210","Oct-2027","0.00","5.00"
"EZACT 60MG TABLET","","F2041C","75.00","148.00","10","14.80","6","Jan-2027","0.00","12.00"
"FAXITIN CR PLUS","","NT240179","132.60","170.00","10","17.00","30","Aug-2026","0.00","12.00"
"FCMO 750","","ELT5AT3002","3428.00","4800.00","1","4800.00","2","Apr-2026","0.00","12.00"
"FELIZ S LITE TABLET","","GTEC-2502","113.97","164.50","10","16.45","11","Aug-2027","0.00","12.00"
"FLOCETAM SYP","","TCOL-159","183.22","295.00","1","295.00","1","Feb-2026","0.00","12.00"
"GINCULE","","OSHT-421","126.00","180.00","10","18.00","1","Nov-2025","0.00","18.00"
"GINCULE","","OSHT-421","126.00","180.00","10","18.00","1","Jul-2026","0.00","18.00"
"INDERAL LA 40 MG","","PCJ0212","40.00","53.92","15","3.59","35","Mar-2026","0.00","12.00"
"KETOROL DT","","E2302360","104.70","146.75","15","9.78","40","Aug-2026","0.00","12.00"
"KNEE SUPPORT SMALL","","CK001-0421","300.00","325.00","1","325.00","2","Nov-2026","0.00","18.00"
"KNEE SUPPORT SMALL","","CK001-0421","300.00","325.00","2","162.50","6","Nov-2026","0.00","18.00"
"LEVERA 500MG TABLET","","N2403602","100.00","218.00","15","14.53","1","Nov-2027","0.00","12.00"
"LIBOTRYP","","D2300279","90.00","118.75","30","3.96","74","Jul-2026","0.00","12.00"
"LIBOTRYP DS","","D2300301","180.00","227.25","30","7.58","155","Jul-2026","0.00","12.00"
"LORICON 1MG","","TT2507356","18.31","24.09","10","2.41","1","Jun-2027","0.00","5.00"
"LURATA 40MG","","DRD10227B","120.48","175.70","10","17.57","1","Sep-2026","0.00","12.00"
"MARCHIN D3 60K","","BTNS-0125","257.14","360.00","4","90.00","34","Jul-2026","0.00","12.00"
"MIGRABETA TR 40MG","","MET25002MR","36.71","54.09","15","3.61","15","Jan-2027","0.00","12.00"
"MIRTAZ 15MG","","SIF1553A","96.43","135.00","10","13.50","20","Jun-2027","0.00","12.00"
"NALTOPRIME 50 MG","","LC24JI24A","677.82","869.00","10","86.90","15","Sep-2026","0.00","12.00"
"NEXPALM","","FT25016","305.08","450.00","10","45.00","71","Jan-2027","0.00","18.00"
"NODICT 50MG TABLET","","GKF0936A","742.86","1040.00","10","104.00","1","May-2027","0.00","12.00"
"OLARIDGE 5 MG","","LC25E076H","41.05","56.72","10","5.67","5","Apr-2027","0.00","5.00"
"OLEANZ 2.5MG TABLET","","SIG0250A","43.42","64.00","10","6.40","5","Dec-2026","0.00","12.00"
"OLIZA 10MG INJ","","IT21","91.07","127.50","1","127.50","9","Nov-2026","0.00","12.00"
"OLZIC PLUS 20MG/5MG","","IOST2503","86.17","119.06","10","11.91","1","Jun-2027","0.00","5.00"
"OXETOL 150MG TABLET","","1558A","52.00","87.00","10","8.70","8","May-2027","0.00","13.00"
"PARI CR 25MG TABLET","","IFL0225003AS","322.32","475.00","15","31.67","46","Mar-2027","0.00","12.00"
"PAROXMIN CR 25","","LC24J053G","132.33","195.00","10","19.50","51","Sep-2026","0.00","12.00"
"PRAMIPEX ER 0.375MG","","GKF0187A","80.00","106.92","10","10.69","70","Feb-2026","0.00","12.00"
"PREGABID 50MG CAPSULE","","N2500156","78.00","141.00","10","14.10","4","Jan-2026","0.00","12.00"
"PRODEP 10MG","","GTE0343A","20.00","33.15","10","3.32","20","Jan-2027","0.00","12.00"
"PROTHIADEN 75MG TABLET","","ADKOO64","220.00","370.00","15","24.67","50","Mar-2027","0.00","5.00"
"PROTHIADEN 75MG TABLET","","ADKOO64","220.00","370.00","15","24.67","15","Mar-2027","0.00","5.00"
"Q-MIND 100MG TABLET","","2W62L001","85.56","123.50","10","12.35","5","Jun-2026","0.00","12.00"
"QUOMIN 25","","LC25C094C","37.33","55.00","10","5.50","5","Feb-2027","0.00","12.00"
"QUSER 50MG TABLET","","MT25-245","67.86","100.00","10","10.00","16","Mar-2028","0.00","12.00"
"QUTAN SR 100MG","","N2300413","80.00","116.00","10","11.60","89","Jan-2026","0.00","12.00"
"REXIPRA 5MG","","N2401543","38.15","56.22","10","5.62","4","May-2026","0.00","12.00"
"RIVOTRIL 0.5MG TABLET","","RTA23012","39.74","57.96","15","3.86","15","Aug-2026","0.00","12.00"
"SCHIZONIL PLUS","","OM-11130","16.18","23.85","10","2.39","6","Dec-2027","0.00","12.00"
"SERTA 50MG","","2KJ2M011","161.41","223.00","15","14.87","1","Aug-2028","0.00","5.00"
"SIZOPIN 25MG","","SIC1732A","20.00","28.00","10","2.80","73","Apr-2028","0.00","12.00"
"SUPRABENZ PLUS 5MG","","SUN23004MR","99.00","139.00","10","13.90","1","Jun-2026","0.00","12.00"
"TOPCREPE 15X4","","ND231128","300.00","443.00","1","443.00","1","Jul-2028","0.00","12.00"
"TORVATE CHRONO 300MG TABLET","","2J79L005","40.51","56.72","10","5.67","5","Mar-2026","0.00","12.00"
"TORVOX 10 MG TABLET","","DRE033238","132.48","193.00","10","19.30","5","Feb-2026","0.00","12.00"
"VALZ 20MG","","DRD12407B","160.00","216.90","10","21.69","160","Nov-2026","0.00","12.00"
"VANTAXA 5 MG","","DRD09184B","67.17","99.00","10","9.90","2","Jan-2026","0.00","12.00"
"VENTAB DXT 25MG","","K2300263","70.00","89.00","10","8.90","98","Jan-2026","0.00","12.00"
"VOXITIN 20 MG","","DRC05275D","243.50","375.00","10","37.50","11","Oct-2026","0.00","12.00"
"ZAPIZ 2MG TABLET","","K2402656","158.61","233.75","15","15.58","25","Nov-2027","0.00","12.00"
"ZEVERT MD 16 TABLET","","2401896","200.00","301.45","15","20.10","30","Jun-2026","0.00","12.00"
"ZOLSWIFT SL SPRAY","","1EV25020","213.57","280.31","1","280.31","2","Aug-2027","0.00","5.00"
"ZOPITAB MD 10","","OT230019","63.00","89.00","10","8.90","250","Apr-2026","0.00","12.00"
"ZOPITAB MD 5","","OT230150","37.00","53.00","10","5.30","220","Aug-2026","0.00","12.00"